filename,local directory,Online Location,longitude,latitude,date,,RawGithub
JBW2a_NE_20250519_114354,C:\FHMP\Interactive_map\photos\2025,https://raw.githubusercontent.com/wesswesswesswess/FHMP_Interactive_Map/master/photos/2025/JBW2a_NE_20250519_114354.jpg,115.70784469444445,-33.89967561,19-May-2025,,https://raw.githubusercontent.com/wesswesswesswess/FHMP_Interactive_Map/master/photos/2025/
JBW2a_NW_20250519_135808,C:\FHMP\Interactive_map\photos\2025,https://raw.githubusercontent.com/wesswesswesswess/FHMP_Interactive_Map/master/photos/2025/JBW2a_NW_20250519_135808.jpg,115.70666069444445,-33.89975131,19-May-2025,,https://raw.githubusercontent.com/wesswesswesswess/FHMP_Interactive_Map/master/photos/2025/
JBW2a_SE_20250519_171038,C:\FHMP\Interactive_map\photos\2025,https://raw.githubusercontent.com/wesswesswesswess/FHMP_Interactive_Map/master/photos/2025/JBW2a_SE_20250519_171038.jpg,115.70780538888889,-33.9005849,19-May-2025,,https://raw.githubusercontent.com/wesswesswesswess/FHMP_Interactive_Map/master/photos/2025/
JBW2a_SE_20250522_145509,C:\FHMP\Interactive_map\photos\2025,https://raw.githubusercontent.com/wesswesswesswess/FHMP_Interactive_Map/master/photos/2025/JBW2a_SE_20250522_145509.jpg,115.70770069444444,-33.9006709,22-May-2025,,https://raw.githubusercontent.com/wesswesswesswess/FHMP_Interactive_Map/master/photos/2025/
JBW2a_SW_20250519_163935,C:\FHMP\Interactive_map\photos\2025,https://raw.githubusercontent.com/wesswesswesswess/FHMP_Interactive_Map/master/photos/2025/JBW2a_SW_20250519_163935.jpg,115.70672580555556,-33.9005888,19-May-2025,,https://raw.githubusercontent.com/wesswesswesswess/FHMP_Interactive_Map/master/photos/2025/
JBW2b_NE_20250523_100043,C:\FHMP\Interactive_map\photos\2025,https://raw.githubusercontent.com/wesswesswesswess/FHMP_Interactive_Map/master/photos/2025/JBW2b_NE_20250523_100043.jpg,115.66508800000001,-33.9192704,23-May-2025,,https://raw.githubusercontent.com/wesswesswesswess/FHMP_Interactive_Map/master/photos/2025/
JBW2b_NW_20250523_114858,C:\FHMP\Interactive_map\photos\2025,https://raw.githubusercontent.com/wesswesswesswess/FHMP_Interactive_Map/master/photos/2025/JBW2b_NW_20250523_114858.jpg,115.6641663888889,-33.9192544,23-May-2025,,https://raw.githubusercontent.com/wesswesswesswess/FHMP_Interactive_Map/master/photos/2025/
JBW2b_SE_20250523_081854,C:\FHMP\Interactive_map\photos\2025,https://raw.githubusercontent.com/wesswesswesswess/FHMP_Interactive_Map/master/photos/2025/JBW2b_SE_20250523_081854.jpg,115.66500411111112,-33.92024531,23-May-2025,,https://raw.githubusercontent.com/wesswesswesswess/FHMP_Interactive_Map/master/photos/2025/
JBW2b_SW_20250523_135314,C:\FHMP\Interactive_map\photos\2025,https://raw.githubusercontent.com/wesswesswesswess/FHMP_Interactive_Map/master/photos/2025/JBW2b_SW_20250523_135314.jpg,115.66397461111112,-33.92020089,23-May-2025,,https://raw.githubusercontent.com/wesswesswesswess/FHMP_Interactive_Map/master/photos/2025/
JBW2c_NE_20250526_113603,C:\FHMP\Interactive_map\photos\2025,https://raw.githubusercontent.com/wesswesswesswess/FHMP_Interactive_Map/master/photos/2025/JBW2c_NE_20250526_113603.jpg,115.69446869444445,-33.90375761,26-May-2025,,https://raw.githubusercontent.com/wesswesswesswess/FHMP_Interactive_Map/master/photos/2025/
JBW2c_NW_20250526_155958,C:\FHMP\Interactive_map\photos\2025,https://raw.githubusercontent.com/wesswesswesswess/FHMP_Interactive_Map/master/photos/2025/JBW2c_NW_20250526_155958.jpg,115.693416,-33.90370319,26-May-2025,,https://raw.githubusercontent.com/wesswesswesswess/FHMP_Interactive_Map/master/photos/2025/
JBW2c_SE_20250526_123951,C:\FHMP\Interactive_map\photos\2025,https://raw.githubusercontent.com/wesswesswesswess/FHMP_Interactive_Map/master/photos/2025/JBW2c_SE_20250526_123951.jpg,115.6944515,-33.90464881,26-May-2025,,https://raw.githubusercontent.com/wesswesswesswess/FHMP_Interactive_Map/master/photos/2025/
JBW2c_SW_20250526_143516,C:\FHMP\Interactive_map\photos\2025,https://raw.githubusercontent.com/wesswesswesswess/FHMP_Interactive_Map/master/photos/2025/JBW2c_SW_20250526_143516.jpg,115.69342011111111,-33.90465611,26-May-2025,,https://raw.githubusercontent.com/wesswesswesswess/FHMP_Interactive_Map/master/photos/2025/
JBW3a_NE_20250528_095003,C:\FHMP\Interactive_map\photos\2025,https://raw.githubusercontent.com/wesswesswesswess/FHMP_Interactive_Map/master/photos/2025/JBW3a_NE_20250528_095003.jpg,115.4973945,-34.02240481,28-May-2025,,https://raw.githubusercontent.com/wesswesswesswess/FHMP_Interactive_Map/master/photos/2025/
JBW3a_NW_20250528_081835,C:\FHMP\Interactive_map\photos\2025,https://raw.githubusercontent.com/wesswesswesswess/FHMP_Interactive_Map/master/photos/2025/JBW3a_NW_20250528_081835.jpg,115.49628519444444,-34.02239431,28-May-2025,,https://raw.githubusercontent.com/wesswesswesswess/FHMP_Interactive_Map/master/photos/2025/
JBW3a_SE_20250528_105713,C:\FHMP\Interactive_map\photos\2025,https://raw.githubusercontent.com/wesswesswesswess/FHMP_Interactive_Map/master/photos/2025/JBW3a_SE_20250528_105713.jpg,115.4973533888889,-34.023289,28-May-2025,,https://raw.githubusercontent.com/wesswesswesswess/FHMP_Interactive_Map/master/photos/2025/
JBW3a_SW_20250528_124431,C:\FHMP\Interactive_map\photos\2025,https://raw.githubusercontent.com/wesswesswesswess/FHMP_Interactive_Map/master/photos/2025/JBW3a_SW_20250528_124431.jpg,115.49632269444444,-34.0232835,28-May-2025,,https://raw.githubusercontent.com/wesswesswesswess/FHMP_Interactive_Map/master/photos/2025/
JBW3b_NE_20250527_154803,C:\FHMP\Interactive_map\photos\2025,https://raw.githubusercontent.com/wesswesswesswess/FHMP_Interactive_Map/master/photos/2025/JBW3b_NE_20250527_154803.jpg,115.5194465,-33.96309739,27-May-2025,,https://raw.githubusercontent.com/wesswesswesswess/FHMP_Interactive_Map/master/photos/2025/
JBW3b_NW_20250527_082607,C:\FHMP\Interactive_map\photos\2025,https://raw.githubusercontent.com/wesswesswesswess/FHMP_Interactive_Map/master/photos/2025/JBW3b_NW_20250527_082607.jpg,115.5183361,-33.96313069,27-May-2025,,https://raw.githubusercontent.com/wesswesswesswess/FHMP_Interactive_Map/master/photos/2025/
JBW3b_SE_20250527_130617,C:\FHMP\Interactive_map\photos\2025,https://raw.githubusercontent.com/wesswesswesswess/FHMP_Interactive_Map/master/photos/2025/JBW3b_SE_20250527_130617.jpg,115.5193439,-33.96407889,27-May-2025,,https://raw.githubusercontent.com/wesswesswesswess/FHMP_Interactive_Map/master/photos/2025/
JBW3b_SW_20250527_102407,C:\FHMP\Interactive_map\photos\2025,https://raw.githubusercontent.com/wesswesswesswess/FHMP_Interactive_Map/master/photos/2025/JBW3b_SW_20250527_102407.jpg,115.518283,-33.964026,27-May-2025,,https://raw.githubusercontent.com/wesswesswesswess/FHMP_Interactive_Map/master/photos/2025/
JBW3c_NE_20250528_152040,C:\FHMP\Interactive_map\photos\2025,https://raw.githubusercontent.com/wesswesswesswess/FHMP_Interactive_Map/master/photos/2025/JBW3c_NE_20250528_152040.jpg,115.48673280555556,-34.006368,28-May-2025,,https://raw.githubusercontent.com/wesswesswesswess/FHMP_Interactive_Map/master/photos/2025/
JBW3c_NW_20250529_084515,C:\FHMP\Interactive_map\photos\2025,https://raw.githubusercontent.com/wesswesswesswess/FHMP_Interactive_Map/master/photos/2025/JBW3c_NW_20250529_084515.jpg,115.48561360000001,-34.00634461,29-May-2025,,https://raw.githubusercontent.com/wesswesswesswess/FHMP_Interactive_Map/master/photos/2025/
JBW3c_SE_20250528_141730,C:\FHMP\Interactive_map\photos\2025,https://raw.githubusercontent.com/wesswesswesswess/FHMP_Interactive_Map/master/photos/2025/JBW3c_SE_20250528_141730.jpg,115.48672,-34.00723511,28-May-2025,,https://raw.githubusercontent.com/wesswesswesswess/FHMP_Interactive_Map/master/photos/2025/
JBW3c_SW_20250529_101218,C:\FHMP\Interactive_map\photos\2025,https://raw.githubusercontent.com/wesswesswesswess/FHMP_Interactive_Map/master/photos/2025/JBW3c_SW_20250529_101218.jpg,115.4856237,-34.00721219,29-May-2025,,https://raw.githubusercontent.com/wesswesswesswess/FHMP_Interactive_Map/master/photos/2025/
JBW4a_NE_20251016_151358,C:\FHMP\Interactive_map\photos\2025,https://raw.githubusercontent.com/wesswesswesswess/FHMP_Interactive_Map/master/photos/2025/JBW4a_NE_20251016_151358.jpg,115.2939376111111,-33.88184711,16-Oct-2025,,https://raw.githubusercontent.com/wesswesswesswess/FHMP_Interactive_Map/master/photos/2025/
JBW4a_NE_20251016_151512,C:\FHMP\Interactive_map\photos\2025,https://raw.githubusercontent.com/wesswesswesswess/FHMP_Interactive_Map/master/photos/2025/JBW4a_NE_20251016_151512.jpg,115.29419438888888,-33.88187781,16-Oct-2025,,https://raw.githubusercontent.com/wesswesswesswess/FHMP_Interactive_Map/master/photos/2025/
JBW4a_NE_20251016_151519,C:\FHMP\Interactive_map\photos\2025,https://raw.githubusercontent.com/wesswesswesswess/FHMP_Interactive_Map/master/photos/2025/JBW4a_NE_20251016_151519.jpg,115.29419438888888,-33.88187781,16-Oct-2025,,https://raw.githubusercontent.com/wesswesswesswess/FHMP_Interactive_Map/master/photos/2025/
JBW4a_NE_20251016_151529,C:\FHMP\Interactive_map\photos\2025,https://raw.githubusercontent.com/wesswesswesswess/FHMP_Interactive_Map/master/photos/2025/JBW4a_NE_20251016_151529.jpg,115.29419438888888,-33.88187781,16-Oct-2025,,https://raw.githubusercontent.com/wesswesswesswess/FHMP_Interactive_Map/master/photos/2025/
JBW4a_NE_20251016_151558,C:\FHMP\Interactive_map\photos\2025,https://raw.githubusercontent.com/wesswesswesswess/FHMP_Interactive_Map/master/photos/2025/JBW4a_NE_20251016_151558.jpg,115.29419438888888,-33.88187781,16-Oct-2025,,https://raw.githubusercontent.com/wesswesswesswess/FHMP_Interactive_Map/master/photos/2025/
JBW4a_NE_20251016_152522,C:\FHMP\Interactive_map\photos\2025,https://raw.githubusercontent.com/wesswesswesswess/FHMP_Interactive_Map/master/photos/2025/JBW4a_NE_20251016_152522.jpg,115.2940221111111,-33.88191331,16-Oct-2025,,https://raw.githubusercontent.com/wesswesswesswess/FHMP_Interactive_Map/master/photos/2025/
JBW4a_NW_20251016_100337,C:\FHMP\Interactive_map\photos\2025,https://raw.githubusercontent.com/wesswesswesswess/FHMP_Interactive_Map/master/photos/2025/JBW4a_NW_20251016_100337.jpg,115.29273119444444,-33.88175031,16-Oct-2025,,https://raw.githubusercontent.com/wesswesswesswess/FHMP_Interactive_Map/master/photos/2025/
JBW4a_SE_20251016_112011,C:\FHMP\Interactive_map\photos\2025,https://raw.githubusercontent.com/wesswesswesswess/FHMP_Interactive_Map/master/photos/2025/JBW4a_SE_20251016_112011.jpg,115.29384580555555,-33.882719,16-Oct-2025,,https://raw.githubusercontent.com/wesswesswesswess/FHMP_Interactive_Map/master/photos/2025/
JBW4a_SW_20251013_163920,C:\FHMP\Interactive_map\photos\2025,https://raw.githubusercontent.com/wesswesswesswess/FHMP_Interactive_Map/master/photos/2025/JBW4a_SW_20251013_163920.jpg,115.2927441111111,-33.88275631,13-Oct-2025,,https://raw.githubusercontent.com/wesswesswesswess/FHMP_Interactive_Map/master/photos/2025/
JBW4b_NE_20251013_122042,C:\FHMP\Interactive_map\photos\2025,https://raw.githubusercontent.com/wesswesswesswess/FHMP_Interactive_Map/master/photos/2025/JBW4b_NE_20251013_122042.jpg,115.27722238888889,-33.881079,13-Oct-2025,,https://raw.githubusercontent.com/wesswesswesswess/FHMP_Interactive_Map/master/photos/2025/
JBW4b_NW_20251013_153037,C:\FHMP\Interactive_map\photos\2025,https://raw.githubusercontent.com/wesswesswesswess/FHMP_Interactive_Map/master/photos/2025/JBW4b_NW_20251013_153037.jpg,115.2761333888889,-33.8808745,13-Oct-2025,,https://raw.githubusercontent.com/wesswesswesswess/FHMP_Interactive_Map/master/photos/2025/
JBW4b_SE_20251013_094944,C:\FHMP\Interactive_map\photos\2025,https://raw.githubusercontent.com/wesswesswesswess/FHMP_Interactive_Map/master/photos/2025/JBW4b_SE_20251013_094944.jpg,115.27724988888889,-33.881703,13-Oct-2025,,https://raw.githubusercontent.com/wesswesswesswess/FHMP_Interactive_Map/master/photos/2025/
JBW4b_SW_20251013_142938,C:\FHMP\Interactive_map\photos\2025,https://raw.githubusercontent.com/wesswesswesswess/FHMP_Interactive_Map/master/photos/2025/JBW4b_SW_20251013_142938.jpg,115.27623361111111,-33.88176919,13-Oct-2025,,https://raw.githubusercontent.com/wesswesswesswess/FHMP_Interactive_Map/master/photos/2025/
JBW4c_NE_20251017_111124,C:\FHMP\Interactive_map\photos\2025,https://raw.githubusercontent.com/wesswesswesswess/FHMP_Interactive_Map/master/photos/2025/JBW4c_NE_20251017_111124.jpg,115.28698480555555,-33.88104769,17-Oct-2025,,https://raw.githubusercontent.com/wesswesswesswess/FHMP_Interactive_Map/master/photos/2025/
JBW4c_NW_20251017_082103,C:\FHMP\Interactive_map\photos\2025,https://raw.githubusercontent.com/wesswesswesswess/FHMP_Interactive_Map/master/photos/2025/JBW4c_NW_20251017_082103.jpg,115.2861023,-33.88100689,17-Oct-2025,,https://raw.githubusercontent.com/wesswesswesswess/FHMP_Interactive_Map/master/photos/2025/
JBW4c_SE_20251017_100814,C:\FHMP\Interactive_map\photos\2025,https://raw.githubusercontent.com/wesswesswesswess/FHMP_Interactive_Map/master/photos/2025/JBW4c_SE_20251017_100814.jpg,115.286931,-33.88197339,17-Oct-2025,,https://raw.githubusercontent.com/wesswesswesswess/FHMP_Interactive_Map/master/photos/2025/
JBW4c_SW_20251017_093607,C:\FHMP\Interactive_map\photos\2025,https://raw.githubusercontent.com/wesswesswesswess/FHMP_Interactive_Map/master/photos/2025/JBW4c_SW_20251017_093607.jpg,115.2859717,-33.882021,17-Oct-2025,,https://raw.githubusercontent.com/wesswesswesswess/FHMP_Interactive_Map/master/photos/2025/
JBW6a_NE_20250520_080604,C:\FHMP\Interactive_map\photos\2025,https://raw.githubusercontent.com/wesswesswesswess/FHMP_Interactive_Map/master/photos/2025/JBW6a_NE_20250520_080604.jpg,115.56293119444445,-34.224672,20-May-2025,,https://raw.githubusercontent.com/wesswesswesswess/FHMP_Interactive_Map/master/photos/2025/
JBW6a_NW_20250520_150654,C:\FHMP\Interactive_map\photos\2025,https://raw.githubusercontent.com/wesswesswesswess/FHMP_Interactive_Map/master/photos/2025/JBW6a_NW_20250520_150654.jpg,115.56182069444444,-34.22470919,20-May-2025,,https://raw.githubusercontent.com/wesswesswesswess/FHMP_Interactive_Map/master/photos/2025/
JBW6a_SE_20250520_100403,C:\FHMP\Interactive_map\photos\2025,https://raw.githubusercontent.com/wesswesswesswess/FHMP_Interactive_Map/master/photos/2025/JBW6a_SE_20250520_100403.jpg,115.56287999999999,-34.22555519,20-May-2025,,https://raw.githubusercontent.com/wesswesswesswess/FHMP_Interactive_Map/master/photos/2025/
JBW6a_SW_20250520_134810,C:\FHMP\Interactive_map\photos\2025,https://raw.githubusercontent.com/wesswesswesswess/FHMP_Interactive_Map/master/photos/2025/JBW6a_SW_20250520_134810.jpg,115.56181611111111,-34.22560369,20-May-2025,,https://raw.githubusercontent.com/wesswesswesswess/FHMP_Interactive_Map/master/photos/2025/
JBW6c_NE_20250522_080918,C:\FHMP\Interactive_map\photos\2025,https://raw.githubusercontent.com/wesswesswesswess/FHMP_Interactive_Map/master/photos/2025/JBW6c_NE_20250522_080918.jpg,115.55498238888889,-34.2352256,22-May-2025,,https://raw.githubusercontent.com/wesswesswesswess/FHMP_Interactive_Map/master/photos/2025/
JBW6c_SE_20250522_101229,C:\FHMP\Interactive_map\photos\2025,https://raw.githubusercontent.com/wesswesswesswess/FHMP_Interactive_Map/master/photos/2025/JBW6c_SE_20250522_101229.jpg,115.554924,-34.23622761,22-May-2025,,https://raw.githubusercontent.com/wesswesswesswess/FHMP_Interactive_Map/master/photos/2025/
JBW6c_SW_20250522_120400,C:\FHMP\Interactive_map\photos\2025,https://raw.githubusercontent.com/wesswesswesswess/FHMP_Interactive_Map/master/photos/2025/JBW6c_SW_20250522_120400.jpg,115.55387080555555,-34.2360809,22-May-2025,,https://raw.githubusercontent.com/wesswesswesswess/FHMP_Interactive_Map/master/photos/2025/
JNE2a_NE_20250415_112120,C:\FHMP\Interactive_map\photos\2025,https://raw.githubusercontent.com/wesswesswesswess/FHMP_Interactive_Map/master/photos/2025/JNE2a_NE_20250415_112120.jpg,116.48850288888889,-33.2711055,15-Apr-2025,,https://raw.githubusercontent.com/wesswesswesswess/FHMP_Interactive_Map/master/photos/2025/
JNE2a_NW_20250415_131622,C:\FHMP\Interactive_map\photos\2025,https://raw.githubusercontent.com/wesswesswesswess/FHMP_Interactive_Map/master/photos/2025/JNE2a_NW_20250415_131622.jpg,116.48734730555556,-33.27128067,15-Apr-2025,,https://raw.githubusercontent.com/wesswesswesswess/FHMP_Interactive_Map/master/photos/2025/
JNE2a_SE_20250415_153618,C:\FHMP\Interactive_map\photos\2025,https://raw.githubusercontent.com/wesswesswesswess/FHMP_Interactive_Map/master/photos/2025/JNE2a_SE_20250415_153618.jpg,116.4885005,-33.27222731,15-Apr-2025,,https://raw.githubusercontent.com/wesswesswesswess/FHMP_Interactive_Map/master/photos/2025/
JNE2a_SW_20250415_142719,C:\FHMP\Interactive_map\photos\2025,https://raw.githubusercontent.com/wesswesswesswess/FHMP_Interactive_Map/master/photos/2025/JNE2a_SW_20250415_142719.jpg,116.48733269444445,-33.27218561,15-Apr-2025,,https://raw.githubusercontent.com/wesswesswesswess/FHMP_Interactive_Map/master/photos/2025/
JNE2b_NE_20250416_110020,C:\FHMP\Interactive_map\photos\2025,https://raw.githubusercontent.com/wesswesswesswess/FHMP_Interactive_Map/master/photos/2025/JNE2b_NE_20250416_110020.jpg,116.4705965,-33.30788169,16-Apr-2025,,https://raw.githubusercontent.com/wesswesswesswess/FHMP_Interactive_Map/master/photos/2025/
JNE2b_NW_20250416_094057,C:\FHMP\Interactive_map\photos\2025,https://raw.githubusercontent.com/wesswesswesswess/FHMP_Interactive_Map/master/photos/2025/JNE2b_NW_20250416_094057.jpg,116.46948369444445,-33.307936,16-Apr-2025,,https://raw.githubusercontent.com/wesswesswesswess/FHMP_Interactive_Map/master/photos/2025/
JNE2b_SE_20250416_120522,C:\FHMP\Interactive_map\photos\2025,https://raw.githubusercontent.com/wesswesswesswess/FHMP_Interactive_Map/master/photos/2025/JNE2b_SE_20250416_120522.jpg,116.4706356111111,-33.30884369,16-Apr-2025,,https://raw.githubusercontent.com/wesswesswesswess/FHMP_Interactive_Map/master/photos/2025/
JNE2b_SW_20250415_170825,C:\FHMP\Interactive_map\photos\2025,https://raw.githubusercontent.com/wesswesswesswess/FHMP_Interactive_Map/master/photos/2025/JNE2b_SW_20250415_170825.jpg,116.46947519444444,-33.308851,15-Apr-2025,,https://raw.githubusercontent.com/wesswesswesswess/FHMP_Interactive_Map/master/photos/2025/
JNE2c_NE_20250416_160754,C:\FHMP\Interactive_map\photos\2025,https://raw.githubusercontent.com/wesswesswesswess/FHMP_Interactive_Map/master/photos/2025/JNE2c_NE_20250416_160754.jpg,116.44807711111112,-33.29988011,16-Apr-2025,,https://raw.githubusercontent.com/wesswesswesswess/FHMP_Interactive_Map/master/photos/2025/
JNE2c_NW_20250416_142458,C:\FHMP\Interactive_map\photos\2025,https://raw.githubusercontent.com/wesswesswesswess/FHMP_Interactive_Map/master/photos/2025/JNE2c_NW_20250416_142458.jpg,116.447005,-33.29986111,16-Apr-2025,,https://raw.githubusercontent.com/wesswesswesswess/FHMP_Interactive_Map/master/photos/2025/
JNE2c_SE_20250416_162658,C:\FHMP\Interactive_map\photos\2025,https://raw.githubusercontent.com/wesswesswesswess/FHMP_Interactive_Map/master/photos/2025/JNE2c_SE_20250416_162658.jpg,116.44809030555555,-33.3008096,16-Apr-2025,,https://raw.githubusercontent.com/wesswesswesswess/FHMP_Interactive_Map/master/photos/2025/
JNE2c_SW_20250416_133824,C:\FHMP\Interactive_map\photos\2025,https://raw.githubusercontent.com/wesswesswesswess/FHMP_Interactive_Map/master/photos/2025/JNE2c_SW_20250416_133824.jpg,116.44706519444445,-33.3008084,16-Apr-2025,,https://raw.githubusercontent.com/wesswesswesswess/FHMP_Interactive_Map/master/photos/2025/
JNE4a_NE_20250909_090415,C:\FHMP\Interactive_map\photos\2025,https://raw.githubusercontent.com/wesswesswesswess/FHMP_Interactive_Map/master/photos/2025/JNE4a_NE_20250909_090415.jpg,116.36115080555555,-32.4683393,9-Sep-2025,,https://raw.githubusercontent.com/wesswesswesswess/FHMP_Interactive_Map/master/photos/2025/
JNE4a_NW_20250909_135518,C:\FHMP\Interactive_map\photos\2025,https://raw.githubusercontent.com/wesswesswesswess/FHMP_Interactive_Map/master/photos/2025/JNE4a_NW_20250909_135518.jpg,116.35999761111111,-32.468287,9-Sep-2025,,https://raw.githubusercontent.com/wesswesswesswess/FHMP_Interactive_Map/master/photos/2025/
JNE4a_SE_20250909_155003,C:\FHMP\Interactive_map\photos\2025,https://raw.githubusercontent.com/wesswesswesswess/FHMP_Interactive_Map/master/photos/2025/JNE4a_SE_20250909_155003.jpg,116.36110138888888,-32.4691999,9-Sep-2025,,https://raw.githubusercontent.com/wesswesswesswess/FHMP_Interactive_Map/master/photos/2025/
JNE4a_SW_20250909_112142,C:\FHMP\Interactive_map\photos\2025,https://raw.githubusercontent.com/wesswesswesswess/FHMP_Interactive_Map/master/photos/2025/JNE4a_SW_20250909_112142.jpg,116.36002180555555,-32.4692161,9-Sep-2025,,https://raw.githubusercontent.com/wesswesswesswess/FHMP_Interactive_Map/master/photos/2025/
JNE4b_NE_20250908_152638,C:\FHMP\Interactive_map\photos\2025,https://raw.githubusercontent.com/wesswesswesswess/FHMP_Interactive_Map/master/photos/2025/JNE4b_NE_20250908_152638.jpg,116.39523361111112,-32.45756681,8-Sep-2025,,https://raw.githubusercontent.com/wesswesswesswess/FHMP_Interactive_Map/master/photos/2025/
JNE4b_NW_20250908_134145,C:\FHMP\Interactive_map\photos\2025,https://raw.githubusercontent.com/wesswesswesswess/FHMP_Interactive_Map/master/photos/2025/JNE4b_NW_20250908_134145.jpg,116.39409388888889,-32.45755839,8-Sep-2025,,https://raw.githubusercontent.com/wesswesswesswess/FHMP_Interactive_Map/master/photos/2025/
JNE4b_SE_20250908_091523,C:\FHMP\Interactive_map\photos\2025,https://raw.githubusercontent.com/wesswesswesswess/FHMP_Interactive_Map/master/photos/2025/JNE4b_SE_20250908_091523.jpg,116.395156,-32.45845561,8-Sep-2025,,https://raw.githubusercontent.com/wesswesswesswess/FHMP_Interactive_Map/master/photos/2025/
JNE4b_SW_20250908_112335,C:\FHMP\Interactive_map\photos\2025,https://raw.githubusercontent.com/wesswesswesswess/FHMP_Interactive_Map/master/photos/2025/JNE4b_SW_20250908_112335.jpg,116.39405661111111,-32.4584575,8-Sep-2025,,https://raw.githubusercontent.com/wesswesswesswess/FHMP_Interactive_Map/master/photos/2025/
JNE6a_NE_20250331_105225,C:\FHMP\Interactive_map\photos\2025,https://raw.githubusercontent.com/wesswesswesswess/FHMP_Interactive_Map/master/photos/2025/JNE6a_NE_20250331_105225.jpg,116.1859712,-31.36360319,31-Mar-2025,,https://raw.githubusercontent.com/wesswesswesswess/FHMP_Interactive_Map/master/photos/2025/
JNE6a_NW_20250331_151900,C:\FHMP\Interactive_map\photos\2025,https://raw.githubusercontent.com/wesswesswesswess/FHMP_Interactive_Map/master/photos/2025/JNE6a_NW_20250331_151900.jpg,116.1848064,-31.36355839,31-Mar-2025,,https://raw.githubusercontent.com/wesswesswesswess/FHMP_Interactive_Map/master/photos/2025/
JNE6a_SE_20250401_093410,C:\FHMP\Interactive_map\photos\2025,https://raw.githubusercontent.com/wesswesswesswess/FHMP_Interactive_Map/master/photos/2025/JNE6a_SE_20250401_093410.jpg,116.1859609,-31.3644405,1-Apr-2025,,https://raw.githubusercontent.com/wesswesswesswess/FHMP_Interactive_Map/master/photos/2025/
JNE6a_SW_20250331_153312,C:\FHMP\Interactive_map\photos\2025,https://raw.githubusercontent.com/wesswesswesswess/FHMP_Interactive_Map/master/photos/2025/JNE6a_SW_20250331_153312.jpg,116.1847808,-31.36448961,31-Mar-2025,,https://raw.githubusercontent.com/wesswesswesswess/FHMP_Interactive_Map/master/photos/2025/
JNE6b_NE_20250401_112216,C:\FHMP\Interactive_map\photos\2025,https://raw.githubusercontent.com/wesswesswesswess/FHMP_Interactive_Map/master/photos/2025/JNE6b_NE_20250401_112216.jpg,116.1836636,-31.3674915,1-Apr-2025,,https://raw.githubusercontent.com/wesswesswesswess/FHMP_Interactive_Map/master/photos/2025/
JNE6b_NW_20250403_112959,C:\FHMP\Interactive_map\photos\2025,https://raw.githubusercontent.com/wesswesswesswess/FHMP_Interactive_Map/master/photos/2025/JNE6b_NW_20250403_112959.jpg,116.18264719444444,-31.367522,3-Apr-2025,,https://raw.githubusercontent.com/wesswesswesswess/FHMP_Interactive_Map/master/photos/2025/
JNE6b_SE_20250401_132113,C:\FHMP\Interactive_map\photos\2025,https://raw.githubusercontent.com/wesswesswesswess/FHMP_Interactive_Map/master/photos/2025/JNE6b_SE_20250401_132113.jpg,116.1836705,-31.36842686,1-Apr-2025,,https://raw.githubusercontent.com/wesswesswesswess/FHMP_Interactive_Map/master/photos/2025/
JNE6b_SW_20250401_155754,C:\FHMP\Interactive_map\photos\2025,https://raw.githubusercontent.com/wesswesswesswess/FHMP_Interactive_Map/master/photos/2025/JNE6b_SW_20250401_155754.jpg,116.18250961111112,-31.3684579,1-Apr-2025,,https://raw.githubusercontent.com/wesswesswesswess/FHMP_Interactive_Map/master/photos/2025/
JNE6c_NE_20250403_134408,C:\FHMP\Interactive_map\photos\2025,https://raw.githubusercontent.com/wesswesswesswess/FHMP_Interactive_Map/master/photos/2025/JNE6c_NE_20250403_134408.jpg,116.1691292,-31.370024,3-Apr-2025,,https://raw.githubusercontent.com/wesswesswesswess/FHMP_Interactive_Map/master/photos/2025/
JNE6c_NW_20250403_134202,C:\FHMP\Interactive_map\photos\2025,https://raw.githubusercontent.com/wesswesswesswess/FHMP_Interactive_Map/master/photos/2025/JNE6c_NW_20250403_134202.jpg,116.1680748,-31.36996569,3-Apr-2025,,https://raw.githubusercontent.com/wesswesswesswess/FHMP_Interactive_Map/master/photos/2025/
JNE6c_SE_20250403_134600,C:\FHMP\Interactive_map\photos\2025,https://raw.githubusercontent.com/wesswesswesswess/FHMP_Interactive_Map/master/photos/2025/JNE6c_SE_20250403_134600.jpg,116.1690942,-31.3708765,3-Apr-2025,,https://raw.githubusercontent.com/wesswesswesswess/FHMP_Interactive_Map/master/photos/2025/
JNE6c_SW_20250403_134742,C:\FHMP\Interactive_map\photos\2025,https://raw.githubusercontent.com/wesswesswesswess/FHMP_Interactive_Map/master/photos/2025/JNE6c_SW_20250403_134742.jpg,116.1680408,-31.37090181,3-Apr-2025,,https://raw.githubusercontent.com/wesswesswesswess/FHMP_Interactive_Map/master/photos/2025/
JNW1a_NE_20250901_121339,C:\FHMP\Interactive_map\photos\2025,https://raw.githubusercontent.com/wesswesswesswess/FHMP_Interactive_Map/master/photos/2025/JNW1a_NE_20250901_121339.jpg,116.19958319444444,-32.22404569,1-Sep-2025,,https://raw.githubusercontent.com/wesswesswesswess/FHMP_Interactive_Map/master/photos/2025/
JNW1a_NW_20250902_112824,C:\FHMP\Interactive_map\photos\2025,https://raw.githubusercontent.com/wesswesswesswess/FHMP_Interactive_Map/master/photos/2025/JNW1a_NW_20250902_112824.jpg,116.19855611111112,-32.2240365,2-Sep-2025,,https://raw.githubusercontent.com/wesswesswesswess/FHMP_Interactive_Map/master/photos/2025/
JNW1a_SE_20250901_133358,C:\FHMP\Interactive_map\photos\2025,https://raw.githubusercontent.com/wesswesswesswess/FHMP_Interactive_Map/master/photos/2025/JNW1a_SE_20250901_133358.jpg,116.19955461111111,-32.22506639,1-Sep-2025,,https://raw.githubusercontent.com/wesswesswesswess/FHMP_Interactive_Map/master/photos/2025/
JNW1a_SW_20250902_085030,C:\FHMP\Interactive_map\photos\2025,https://raw.githubusercontent.com/wesswesswesswess/FHMP_Interactive_Map/master/photos/2025/JNW1a_SW_20250902_085030.jpg,116.19856169444445,-32.22494169,2-Sep-2025,,https://raw.githubusercontent.com/wesswesswesswess/FHMP_Interactive_Map/master/photos/2025/
JNW1b_NE_20250904_161445,C:\FHMP\Interactive_map\photos\2025,https://raw.githubusercontent.com/wesswesswesswess/FHMP_Interactive_Map/master/photos/2025/JNW1b_NE_20250904_161445.jpg,116.1948273888889,-32.25731519,4-Sep-2025,,https://raw.githubusercontent.com/wesswesswesswess/FHMP_Interactive_Map/master/photos/2025/
JNW1b_NW_20250904_111910,C:\FHMP\Interactive_map\photos\2025,https://raw.githubusercontent.com/wesswesswesswess/FHMP_Interactive_Map/master/photos/2025/JNW1b_NW_20250904_111910.jpg,116.19370319444445,-32.2572875,4-Sep-2025,,https://raw.githubusercontent.com/wesswesswesswess/FHMP_Interactive_Map/master/photos/2025/
JNW1b_SE_20250904_104414,C:\FHMP\Interactive_map\photos\2025,https://raw.githubusercontent.com/wesswesswesswess/FHMP_Interactive_Map/master/photos/2025/JNW1b_SE_20250904_104414.jpg,116.19470011111112,-32.258299,4-Sep-2025,,https://raw.githubusercontent.com/wesswesswesswess/FHMP_Interactive_Map/master/photos/2025/
JNW1b_SW_20250904_140228,C:\FHMP\Interactive_map\photos\2025,https://raw.githubusercontent.com/wesswesswesswess/FHMP_Interactive_Map/master/photos/2025/JNW1b_SW_20250904_140228.jpg,116.19355419444445,-32.25827361,4-Sep-2025,,https://raw.githubusercontent.com/wesswesswesswess/FHMP_Interactive_Map/master/photos/2025/
JNW1c_NE_20250903_125919,C:\FHMP\Interactive_map\photos\2025,https://raw.githubusercontent.com/wesswesswesswess/FHMP_Interactive_Map/master/photos/2025/JNW1c_NE_20250903_125919.jpg,116.2042338888889,-32.2423695,3-Sep-2025,,https://raw.githubusercontent.com/wesswesswesswess/FHMP_Interactive_Map/master/photos/2025/
JNW1c_NW_20250903_153903,C:\FHMP\Interactive_map\photos\2025,https://raw.githubusercontent.com/wesswesswesswess/FHMP_Interactive_Map/master/photos/2025/JNW1c_NW_20250903_153903.jpg,116.20317211111112,-32.242324,3-Sep-2025,,https://raw.githubusercontent.com/wesswesswesswess/FHMP_Interactive_Map/master/photos/2025/
JNW1c_SE_20250903_102647,C:\FHMP\Interactive_map\photos\2025,https://raw.githubusercontent.com/wesswesswesswess/FHMP_Interactive_Map/master/photos/2025/JNW1c_SE_20250903_102647.jpg,116.20421369444445,-32.24321719,3-Sep-2025,,https://raw.githubusercontent.com/wesswesswesswess/FHMP_Interactive_Map/master/photos/2025/
JNW1c_SW_20250903_100421,C:\FHMP\Interactive_map\photos\2025,https://raw.githubusercontent.com/wesswesswesswess/FHMP_Interactive_Map/master/photos/2025/JNW1c_SW_20250903_100421.jpg,116.20317219444445,-32.243216,3-Sep-2025,,https://raw.githubusercontent.com/wesswesswesswess/FHMP_Interactive_Map/master/photos/2025/
JNW3a_NE_20250925_080339,C:\FHMP\Interactive_map\photos\2025,https://raw.githubusercontent.com/wesswesswesswess/FHMP_Interactive_Map/master/photos/2025/JNW3a_NE_20250925_080339.jpg,116.21157930555556,-33.0170824,25-Sep-2025,,https://raw.githubusercontent.com/wesswesswesswess/FHMP_Interactive_Map/master/photos/2025/
JNW3a_NW_20250925_152410,C:\FHMP\Interactive_map\photos\2025,https://raw.githubusercontent.com/wesswesswesswess/FHMP_Interactive_Map/master/photos/2025/JNW3a_NW_20250925_152410.jpg,116.21054580555555,-33.0170224,25-Sep-2025,,https://raw.githubusercontent.com/wesswesswesswess/FHMP_Interactive_Map/master/photos/2025/
JNW3a_SE_20250925_102606,C:\FHMP\Interactive_map\photos\2025,https://raw.githubusercontent.com/wesswesswesswess/FHMP_Interactive_Map/master/photos/2025/JNW3a_SE_20250925_102606.jpg,116.21154411111111,-33.0179326,25-Sep-2025,,https://raw.githubusercontent.com/wesswesswesswess/FHMP_Interactive_Map/master/photos/2025/
JNW3a_SE_20250925_102611,C:\FHMP\Interactive_map\photos\2025,https://raw.githubusercontent.com/wesswesswesswess/FHMP_Interactive_Map/master/photos/2025/JNW3a_SE_20250925_102611.jpg,116.21154411111111,-33.0179326,25-Sep-2025,,https://raw.githubusercontent.com/wesswesswesswess/FHMP_Interactive_Map/master/photos/2025/
JNW3a_SE_20250925_102635,C:\FHMP\Interactive_map\photos\2025,https://raw.githubusercontent.com/wesswesswesswess/FHMP_Interactive_Map/master/photos/2025/JNW3a_SE_20250925_102635.jpg,116.21154411111111,-33.0179326,25-Sep-2025,,https://raw.githubusercontent.com/wesswesswesswess/FHMP_Interactive_Map/master/photos/2025/
JNW3a_SW_20250925_130635,C:\FHMP\Interactive_map\photos\2025,https://raw.githubusercontent.com/wesswesswesswess/FHMP_Interactive_Map/master/photos/2025/JNW3a_SW_20250925_130635.jpg,116.210488,-33.0179687,25-Sep-2025,,https://raw.githubusercontent.com/wesswesswesswess/FHMP_Interactive_Map/master/photos/2025/
JNW3b_NE_20250926_073709,C:\FHMP\Interactive_map\photos\2025,https://raw.githubusercontent.com/wesswesswesswess/FHMP_Interactive_Map/master/photos/2025/JNW3b_NE_20250926_073709.jpg,116.21015830555555,-33.01021919,26-Sep-2025,,https://raw.githubusercontent.com/wesswesswesswess/FHMP_Interactive_Map/master/photos/2025/
JNW3b_NW_20250926_114047,C:\FHMP\Interactive_map\photos\2025,https://raw.githubusercontent.com/wesswesswesswess/FHMP_Interactive_Map/master/photos/2025/JNW3b_NW_20250926_114047.jpg,116.20902138888889,-33.00994719,26-Sep-2025,,https://raw.githubusercontent.com/wesswesswesswess/FHMP_Interactive_Map/master/photos/2025/
JNW3b_SE_20250926_092229,C:\FHMP\Interactive_map\photos\2025,https://raw.githubusercontent.com/wesswesswesswess/FHMP_Interactive_Map/master/photos/2025/JNW3b_SE_20250926_092229.jpg,116.21008019444444,-33.01102461,26-Sep-2025,,https://raw.githubusercontent.com/wesswesswesswess/FHMP_Interactive_Map/master/photos/2025/
JNW3b_SW_20250926_144311,C:\FHMP\Interactive_map\photos\2025,https://raw.githubusercontent.com/wesswesswesswess/FHMP_Interactive_Map/master/photos/2025/JNW3b_SW_20250926_144311.jpg,116.2089333888889,-33.011064,26-Sep-2025,,https://raw.githubusercontent.com/wesswesswesswess/FHMP_Interactive_Map/master/photos/2025/
JNW3c_NE_20251009_173201,C:\FHMP\Interactive_map\photos\2025,https://raw.githubusercontent.com/wesswesswesswess/FHMP_Interactive_Map/master/photos/2025/JNW3c_NE_20251009_173201.jpg,116.24314180555555,-32.9957365,9-Oct-2025,,https://raw.githubusercontent.com/wesswesswesswess/FHMP_Interactive_Map/master/photos/2025/
JNW3c_NW_20251009_145048,C:\FHMP\Interactive_map\photos\2025,https://raw.githubusercontent.com/wesswesswesswess/FHMP_Interactive_Map/master/photos/2025/JNW3c_NW_20251009_145048.jpg,116.24206211111111,-32.99567761,9-Oct-2025,,https://raw.githubusercontent.com/wesswesswesswess/FHMP_Interactive_Map/master/photos/2025/
JNW3c_SE_20251010_123105,C:\FHMP\Interactive_map\photos\2025,https://raw.githubusercontent.com/wesswesswesswess/FHMP_Interactive_Map/master/photos/2025/JNW3c_SE_20251010_123105.jpg,116.24286061111111,-32.99635539,10-Oct-2025,,https://raw.githubusercontent.com/wesswesswesswess/FHMP_Interactive_Map/master/photos/2025/
JNW3c_SW_20251010_100755,C:\FHMP\Interactive_map\photos\2025,https://raw.githubusercontent.com/wesswesswesswess/FHMP_Interactive_Map/master/photos/2025/JNW3c_SW_20251010_100755.jpg,116.242021,-32.99663519,10-Oct-2025,,https://raw.githubusercontent.com/wesswesswesswess/FHMP_Interactive_Map/master/photos/2025/
JNW4a_NE_20250924_090400,C:\FHMP\Interactive_map\photos\2025,https://raw.githubusercontent.com/wesswesswesswess/FHMP_Interactive_Map/master/photos/2025/JNW4a_NE_20250924_090400.jpg,116.22735888888889,-33.1334192,24-Sep-2025,,https://raw.githubusercontent.com/wesswesswesswess/FHMP_Interactive_Map/master/photos/2025/
JNW4a_NW_20250924_152926,C:\FHMP\Interactive_map\photos\2025,https://raw.githubusercontent.com/wesswesswesswess/FHMP_Interactive_Map/master/photos/2025/JNW4a_NW_20250924_152926.jpg,116.22632461111111,-33.1334226,24-Sep-2025,,https://raw.githubusercontent.com/wesswesswesswess/FHMP_Interactive_Map/master/photos/2025/
JNW4a_SE_20250924_111602,C:\FHMP\Interactive_map\photos\2025,https://raw.githubusercontent.com/wesswesswesswess/FHMP_Interactive_Map/master/photos/2025/JNW4a_SE_20250924_111602.jpg,116.2273905,-33.1343686,24-Sep-2025,,https://raw.githubusercontent.com/wesswesswesswess/FHMP_Interactive_Map/master/photos/2025/
JNW4a_SW_20250924_133342,C:\FHMP\Interactive_map\photos\2025,https://raw.githubusercontent.com/wesswesswesswess/FHMP_Interactive_Map/master/photos/2025/JNW4a_SW_20250924_133342.jpg,116.22623469444444,-33.1342368,24-Sep-2025,,https://raw.githubusercontent.com/wesswesswesswess/FHMP_Interactive_Map/master/photos/2025/
JNW4b_NE_20250923_120059,C:\FHMP\Interactive_map\photos\2025,https://raw.githubusercontent.com/wesswesswesswess/FHMP_Interactive_Map/master/photos/2025/JNW4b_NE_20250923_120059.jpg,116.22655400000001,-33.13768031,23-Sep-2025,,https://raw.githubusercontent.com/wesswesswesswess/FHMP_Interactive_Map/master/photos/2025/
JNW4b_NW_20250923_093030,C:\FHMP\Interactive_map\photos\2025,https://raw.githubusercontent.com/wesswesswesswess/FHMP_Interactive_Map/master/photos/2025/JNW4b_NW_20250923_093030.jpg,116.22557888888889,-33.13771781,23-Sep-2025,,https://raw.githubusercontent.com/wesswesswesswess/FHMP_Interactive_Map/master/photos/2025/
JNW4b_SE_20250923_144706,C:\FHMP\Interactive_map\photos\2025,https://raw.githubusercontent.com/wesswesswesswess/FHMP_Interactive_Map/master/photos/2025/JNW4b_SE_20250923_144706.jpg,116.22672938888888,-33.13858369,23-Sep-2025,,https://raw.githubusercontent.com/wesswesswesswess/FHMP_Interactive_Map/master/photos/2025/
JNW4b_SW_20250923_170257,C:\FHMP\Interactive_map\photos\2025,https://raw.githubusercontent.com/wesswesswesswess/FHMP_Interactive_Map/master/photos/2025/JNW4b_SW_20250923_170257.jpg,116.22557519444445,-33.13855989,23-Sep-2025,,https://raw.githubusercontent.com/wesswesswesswess/FHMP_Interactive_Map/master/photos/2025/
JNW4c_NE_20250922_120931,C:\FHMP\Interactive_map\photos\2025,https://raw.githubusercontent.com/wesswesswesswess/FHMP_Interactive_Map/master/photos/2025/JNW4c_NE_20250922_120931.jpg,116.2045648888889,-33.149482,22-Sep-2025,,https://raw.githubusercontent.com/wesswesswesswess/FHMP_Interactive_Map/master/photos/2025/
JNW4c_NW_20250922_113457,C:\FHMP\Interactive_map\photos\2025,https://raw.githubusercontent.com/wesswesswesswess/FHMP_Interactive_Map/master/photos/2025/JNW4c_NW_20250922_113457.jpg,116.20341519444445,-33.14946311,22-Sep-2025,,https://raw.githubusercontent.com/wesswesswesswess/FHMP_Interactive_Map/master/photos/2025/
JNW4c_SE_20250922_151337,C:\FHMP\Interactive_map\photos\2025,https://raw.githubusercontent.com/wesswesswesswess/FHMP_Interactive_Map/master/photos/2025/JNW4c_SE_20250922_151337.jpg,116.20444444444445,-33.15027778,22-Sep-2025,,https://raw.githubusercontent.com/wesswesswesswess/FHMP_Interactive_Map/master/photos/2025/
JNW4c_SW_20250922_173840,C:\FHMP\Interactive_map\photos\2025,https://raw.githubusercontent.com/wesswesswesswess/FHMP_Interactive_Map/master/photos/2025/JNW4c_SW_20250922_173840.jpg,116.20359888888889,-33.1504283,22-Sep-2025,,https://raw.githubusercontent.com/wesswesswesswess/FHMP_Interactive_Map/master/photos/2025/
JNW5a_NE_20250407_112340,C:\FHMP\Interactive_map\photos\2025,https://raw.githubusercontent.com/wesswesswesswess/FHMP_Interactive_Map/master/photos/2025/JNW5a_NE_20250407_112340.jpg,115.9680508,-33.34740667,7-Apr-2025,,https://raw.githubusercontent.com/wesswesswesswess/FHMP_Interactive_Map/master/photos/2025/
JNW5a_NW_20250407_075711,C:\FHMP\Interactive_map\photos\2025,https://raw.githubusercontent.com/wesswesswesswess/FHMP_Interactive_Map/master/photos/2025/JNW5a_NW_20250407_075711.jpg,115.9669888,-33.34739733,7-Apr-2025,,https://raw.githubusercontent.com/wesswesswesswess/FHMP_Interactive_Map/master/photos/2025/
JNW5a_SE_20250407_174153,C:\FHMP\Interactive_map\photos\2025,https://raw.githubusercontent.com/wesswesswesswess/FHMP_Interactive_Map/master/photos/2025/JNW5a_SE_20250407_174153.jpg,115.9680057,-33.34833078,7-Apr-2025,,https://raw.githubusercontent.com/wesswesswesswess/FHMP_Interactive_Map/master/photos/2025/
JNW5a_SW_20250407_173830,C:\FHMP\Interactive_map\photos\2025,https://raw.githubusercontent.com/wesswesswesswess/FHMP_Interactive_Map/master/photos/2025/JNW5a_SW_20250407_173830.jpg,115.96777777777778,-33.34805556,7-Apr-2025,,https://raw.githubusercontent.com/wesswesswesswess/FHMP_Interactive_Map/master/photos/2025/
JNW5b_NE_20250408_094146,C:\FHMP\Interactive_map\photos\2025,https://raw.githubusercontent.com/wesswesswesswess/FHMP_Interactive_Map/master/photos/2025/JNW5b_NE_20250408_094146.jpg,115.96838,-33.3517807,8-Apr-2025,,https://raw.githubusercontent.com/wesswesswesswess/FHMP_Interactive_Map/master/photos/2025/
JNW5b_NW_20250407_172049,C:\FHMP\Interactive_map\photos\2025,https://raw.githubusercontent.com/wesswesswesswess/FHMP_Interactive_Map/master/photos/2025/JNW5b_NW_20250407_172049.jpg,115.96722222222222,-33.35166667,7-Apr-2025,,https://raw.githubusercontent.com/wesswesswesswess/FHMP_Interactive_Map/master/photos/2025/
JNW5b_SE_20250408_144727,C:\FHMP\Interactive_map\photos\2025,https://raw.githubusercontent.com/wesswesswesswess/FHMP_Interactive_Map/master/photos/2025/JNW5b_SE_20250408_144727.jpg,115.96857130000001,-33.35280011,8-Apr-2025,,https://raw.githubusercontent.com/wesswesswesswess/FHMP_Interactive_Map/master/photos/2025/
JNW5b_SW_20250408_114822,C:\FHMP\Interactive_map\photos\2025,https://raw.githubusercontent.com/wesswesswesswess/FHMP_Interactive_Map/master/photos/2025/JNW5b_SW_20250408_114822.jpg,115.9674272,-33.3526301,8-Apr-2025,,https://raw.githubusercontent.com/wesswesswesswess/FHMP_Interactive_Map/master/photos/2025/
JNW5c_NE_20250408_165143,C:\FHMP\Interactive_map\photos\2025,https://raw.githubusercontent.com/wesswesswesswess/FHMP_Interactive_Map/master/photos/2025/JNW5c_NE_20250408_165143.jpg,115.96338319444445,-33.35640769,8-Apr-2025,,https://raw.githubusercontent.com/wesswesswesswess/FHMP_Interactive_Map/master/photos/2025/
JNW5c_NW_20250409_143948,C:\FHMP\Interactive_map\photos\2025,https://raw.githubusercontent.com/wesswesswesswess/FHMP_Interactive_Map/master/photos/2025/JNW5c_NW_20250409_143948.jpg,115.96226061111112,-33.356318,9-Apr-2025,,https://raw.githubusercontent.com/wesswesswesswess/FHMP_Interactive_Map/master/photos/2025/
JNW5c_SE_20250409_085330,C:\FHMP\Interactive_map\photos\2025,https://raw.githubusercontent.com/wesswesswesswess/FHMP_Interactive_Map/master/photos/2025/JNW5c_SE_20250409_085330.jpg,115.96336638888889,-33.35727361,9-Apr-2025,,https://raw.githubusercontent.com/wesswesswesswess/FHMP_Interactive_Map/master/photos/2025/
JNW5c_SW_20250409_104333,C:\FHMP\Interactive_map\photos\2025,https://raw.githubusercontent.com/wesswesswesswess/FHMP_Interactive_Map/master/photos/2025/JNW5c_SW_20250409_104333.jpg,115.96228261111112,-33.357286,9-Apr-2025,,https://raw.githubusercontent.com/wesswesswesswess/FHMP_Interactive_Map/master/photos/2025/
JSE1a_NE_20251112_105346,C:\FHMP\Interactive_map\photos\2025,https://raw.githubusercontent.com/wesswesswesswess/FHMP_Interactive_Map/master/photos/2025/JSE1a_NE_20251112_105346.jpg,117.34483219444444,-34.79152381,12-Nov-2025,,https://raw.githubusercontent.com/wesswesswesswess/FHMP_Interactive_Map/master/photos/2025/
JSE1a_NW_20251112_143923,C:\FHMP\Interactive_map\photos\2025,https://raw.githubusercontent.com/wesswesswesswess/FHMP_Interactive_Map/master/photos/2025/JSE1a_NW_20251112_143923.jpg,117.3437841111111,-34.79148939,12-Nov-2025,,https://raw.githubusercontent.com/wesswesswesswess/FHMP_Interactive_Map/master/photos/2025/
JSE1a_SE_20251112_132101,C:\FHMP\Interactive_map\photos\2025,https://raw.githubusercontent.com/wesswesswesswess/FHMP_Interactive_Map/master/photos/2025/JSE1a_SE_20251112_132101.jpg,117.34473088888889,-34.79229331,12-Nov-2025,,https://raw.githubusercontent.com/wesswesswesswess/FHMP_Interactive_Map/master/photos/2025/
JSE1a_SW_20251112_092929,C:\FHMP\Interactive_map\photos\2025,https://raw.githubusercontent.com/wesswesswesswess/FHMP_Interactive_Map/master/photos/2025/JSE1a_SW_20251112_092929.jpg,117.34373649999999,-34.79238719,12-Nov-2025,,https://raw.githubusercontent.com/wesswesswesswess/FHMP_Interactive_Map/master/photos/2025/
JSE1b_NE_20251113_101251,C:\FHMP\Interactive_map\photos\2025,https://raw.githubusercontent.com/wesswesswesswess/FHMP_Interactive_Map/master/photos/2025/JSE1b_NE_20251113_101251.jpg,117.34294788888889,-34.77879581,13-Nov-2025,,https://raw.githubusercontent.com/wesswesswesswess/FHMP_Interactive_Map/master/photos/2025/
JSE1b_NW_20251113_135639,C:\FHMP\Interactive_map\photos\2025,https://raw.githubusercontent.com/wesswesswesswess/FHMP_Interactive_Map/master/photos/2025/JSE1b_NW_20251113_135639.jpg,117.34190419444444,-34.77870489,13-Nov-2025,,https://raw.githubusercontent.com/wesswesswesswess/FHMP_Interactive_Map/master/photos/2025/
JSE1b_SE_20251113_082944,C:\FHMP\Interactive_map\photos\2025,https://raw.githubusercontent.com/wesswesswesswess/FHMP_Interactive_Map/master/photos/2025/JSE1b_SE_20251113_082944.jpg,117.343004,-34.77963261,13-Nov-2025,,https://raw.githubusercontent.com/wesswesswesswess/FHMP_Interactive_Map/master/photos/2025/
JSE1b_SW_20251113_123442,C:\FHMP\Interactive_map\photos\2025,https://raw.githubusercontent.com/wesswesswesswess/FHMP_Interactive_Map/master/photos/2025/JSE1b_SW_20251113_123442.jpg,117.34190111111111,-34.77962819,13-Nov-2025,,https://raw.githubusercontent.com/wesswesswesswess/FHMP_Interactive_Map/master/photos/2025/
JSE1c_NE_20251111_085816,C:\FHMP\Interactive_map\photos\2025,https://raw.githubusercontent.com/wesswesswesswess/FHMP_Interactive_Map/master/photos/2025/JSE1c_NE_20251111_085816.jpg,117.34610319444444,-34.79669639,11-Nov-2025,,https://raw.githubusercontent.com/wesswesswesswess/FHMP_Interactive_Map/master/photos/2025/
JSE1c_NW_20251111_162029,C:\FHMP\Interactive_map\photos\2025,https://raw.githubusercontent.com/wesswesswesswess/FHMP_Interactive_Map/master/photos/2025/JSE1c_NW_20251111_162029.jpg,117.34471011111111,-34.79663369,11-Nov-2025,,https://raw.githubusercontent.com/wesswesswesswess/FHMP_Interactive_Map/master/photos/2025/
JSE1c_SE_20251111_132136,C:\FHMP\Interactive_map\photos\2025,https://raw.githubusercontent.com/wesswesswesswess/FHMP_Interactive_Map/master/photos/2025/JSE1c_SE_20251111_132136.jpg,117.34610319444444,-34.79745781,11-Nov-2025,,https://raw.githubusercontent.com/wesswesswesswess/FHMP_Interactive_Map/master/photos/2025/
JSE1c_SW_20251111_110244,C:\FHMP\Interactive_map\photos\2025,https://raw.githubusercontent.com/wesswesswesswess/FHMP_Interactive_Map/master/photos/2025/JSE1c_SW_20251111_110244.jpg,117.34484280555554,-34.79757189,11-Nov-2025,,https://raw.githubusercontent.com/wesswesswesswess/FHMP_Interactive_Map/master/photos/2025/
JSE2a_NE_20251108_164504,C:\FHMP\Interactive_map\photos\2025,https://raw.githubusercontent.com/wesswesswesswess/FHMP_Interactive_Map/master/photos/2025/JSE2a_NE_20251108_164504.jpg,116.830309,-34.60406261,8-Nov-2025,,https://raw.githubusercontent.com/wesswesswesswess/FHMP_Interactive_Map/master/photos/2025/
JSE2a_NW_20251108_121342,C:\FHMP\Interactive_map\photos\2025,https://raw.githubusercontent.com/wesswesswesswess/FHMP_Interactive_Map/master/photos/2025/JSE2a_NW_20251108_121342.jpg,116.82922569444445,-34.60410519,8-Nov-2025,,https://raw.githubusercontent.com/wesswesswesswess/FHMP_Interactive_Map/master/photos/2025/
JSE2a_NW_20251108_121358,C:\FHMP\Interactive_map\photos\2025,https://raw.githubusercontent.com/wesswesswesswess/FHMP_Interactive_Map/master/photos/2025/JSE2a_NW_20251108_121358.jpg,116.82831069444444,-34.60435381,8-Nov-2025,,https://raw.githubusercontent.com/wesswesswesswess/FHMP_Interactive_Map/master/photos/2025/
JSE2a_SE_20251108_095304,C:\FHMP\Interactive_map\photos\2025,https://raw.githubusercontent.com/wesswesswesswess/FHMP_Interactive_Map/master/photos/2025/JSE2a_SE_20251108_095304.jpg,116.83036830555555,-34.60500289,8-Nov-2025,,https://raw.githubusercontent.com/wesswesswesswess/FHMP_Interactive_Map/master/photos/2025/
JSE2a_SW_20251110_160018,C:\FHMP\Interactive_map\photos\2025,https://raw.githubusercontent.com/wesswesswesswess/FHMP_Interactive_Map/master/photos/2025/JSE2a_SW_20251110_160018.jpg,116.82924230555555,-34.60506381,10-Nov-2025,,https://raw.githubusercontent.com/wesswesswesswess/FHMP_Interactive_Map/master/photos/2025/
JSE2b_NE_20251106_151737,C:\FHMP\Interactive_map\photos\2025,https://raw.githubusercontent.com/wesswesswesswess/FHMP_Interactive_Map/master/photos/2025/JSE2b_NE_20251106_151737.jpg,116.81670979972222,-34.60680219,6-Nov-2025,,https://raw.githubusercontent.com/wesswesswesswess/FHMP_Interactive_Map/master/photos/2025/
JSE2b_NW_20251103_144749,C:\FHMP\Interactive_map\photos\2025,https://raw.githubusercontent.com/wesswesswesswess/FHMP_Interactive_Map/master/photos/2025/JSE2b_NW_20251103_144749.jpg,116.815572,-34.6067795,3-Nov-2025,,https://raw.githubusercontent.com/wesswesswesswess/FHMP_Interactive_Map/master/photos/2025/
JSE2b_NW_20251106_100818,C:\FHMP\Interactive_map\photos\2025,https://raw.githubusercontent.com/wesswesswesswess/FHMP_Interactive_Map/master/photos/2025/JSE2b_NW_20251106_100818.jpg,116.81565569444444,-34.60675,6-Nov-2025,,https://raw.githubusercontent.com/wesswesswesswess/FHMP_Interactive_Map/master/photos/2025/
JSE2b_SE_20251106_110233,C:\FHMP\Interactive_map\photos\2025,https://raw.githubusercontent.com/wesswesswesswess/FHMP_Interactive_Map/master/photos/2025/JSE2b_SE_20251106_110233.jpg,116.8167392,-34.60770911,6-Nov-2025,,https://raw.githubusercontent.com/wesswesswesswess/FHMP_Interactive_Map/master/photos/2025/
JSE2b_SW_20251106_122812,C:\FHMP\Interactive_map\photos\2025,https://raw.githubusercontent.com/wesswesswesswess/FHMP_Interactive_Map/master/photos/2025/JSE2b_SW_20251106_122812.jpg,116.8156685,-34.60768489,6-Nov-2025,,https://raw.githubusercontent.com/wesswesswesswess/FHMP_Interactive_Map/master/photos/2025/
JSE2c_NE_20251107_112747,C:\FHMP\Interactive_map\photos\2025,https://raw.githubusercontent.com/wesswesswesswess/FHMP_Interactive_Map/master/photos/2025/JSE2c_NE_20251107_112747.jpg,116.82568788888888,-34.60692011,7-Nov-2025,,https://raw.githubusercontent.com/wesswesswesswess/FHMP_Interactive_Map/master/photos/2025/
JSE2c_NW_20251107_085504,C:\FHMP\Interactive_map\photos\2025,https://raw.githubusercontent.com/wesswesswesswess/FHMP_Interactive_Map/master/photos/2025/JSE2c_NW_20251107_085504.jpg,116.82430011111111,-34.60696989,7-Nov-2025,,https://raw.githubusercontent.com/wesswesswesswess/FHMP_Interactive_Map/master/photos/2025/
JSE2c_SE_20251107_145040,C:\FHMP\Interactive_map\photos\2025,https://raw.githubusercontent.com/wesswesswesswess/FHMP_Interactive_Map/master/photos/2025/JSE2c_SE_20251107_145040.jpg,116.82550838888889,-34.6075555,7-Nov-2025,,https://raw.githubusercontent.com/wesswesswesswess/FHMP_Interactive_Map/master/photos/2025/
JSE2c_SW_20251107_172946,C:\FHMP\Interactive_map\photos\2025,https://raw.githubusercontent.com/wesswesswesswess/FHMP_Interactive_Map/master/photos/2025/JSE2c_SW_20251107_172946.jpg,116.82434469444443,-34.60774211,7-Nov-2025,,https://raw.githubusercontent.com/wesswesswesswess/FHMP_Interactive_Map/master/photos/2025/
JSE3a_NE_20250515_122123,C:\FHMP\Interactive_map\photos\2025,https://raw.githubusercontent.com/wesswesswesswess/FHMP_Interactive_Map/master/photos/2025/JSE3a_NE_20250515_122123.jpg,116.53907161111111,-34.28983289,15-May-2025,,https://raw.githubusercontent.com/wesswesswesswess/FHMP_Interactive_Map/master/photos/2025/
JSE3a_NW_20250515_105519,C:\FHMP\Interactive_map\photos\2025,https://raw.githubusercontent.com/wesswesswesswess/FHMP_Interactive_Map/master/photos/2025/JSE3a_NW_20250515_105519.jpg,116.53800119444445,-34.28987669,15-May-2025,,https://raw.githubusercontent.com/wesswesswesswess/FHMP_Interactive_Map/master/photos/2025/
JSE3a_SE_20250515_141852,C:\FHMP\Interactive_map\photos\2025,https://raw.githubusercontent.com/wesswesswesswess/FHMP_Interactive_Map/master/photos/2025/JSE3a_SE_20250515_141852.jpg,116.53915161111111,-34.29085319,15-May-2025,,https://raw.githubusercontent.com/wesswesswesswess/FHMP_Interactive_Map/master/photos/2025/
JSE3a_SW_20250515_154614,C:\FHMP\Interactive_map\photos\2025,https://raw.githubusercontent.com/wesswesswesswess/FHMP_Interactive_Map/master/photos/2025/JSE3a_SW_20250515_154614.jpg,116.53792719444444,-34.29124889,15-May-2025,,https://raw.githubusercontent.com/wesswesswesswess/FHMP_Interactive_Map/master/photos/2025/
JSE3b_NE_20250516_094030,C:\FHMP\Interactive_map\photos\2025,https://raw.githubusercontent.com/wesswesswesswess/FHMP_Interactive_Map/master/photos/2025/JSE3b_NE_20250516_094030.jpg,116.53857569444445,-34.29775611,16-May-2025,,https://raw.githubusercontent.com/wesswesswesswess/FHMP_Interactive_Map/master/photos/2025/
JSE3b_NW_20250516_104644,C:\FHMP\Interactive_map\photos\2025,https://raw.githubusercontent.com/wesswesswesswess/FHMP_Interactive_Map/master/photos/2025/JSE3b_NW_20250516_104644.jpg,116.53748030555555,-34.2974865,16-May-2025,,https://raw.githubusercontent.com/wesswesswesswess/FHMP_Interactive_Map/master/photos/2025/
JSE3b_SE_20250516_081524,C:\FHMP\Interactive_map\photos\2025,https://raw.githubusercontent.com/wesswesswesswess/FHMP_Interactive_Map/master/photos/2025/JSE3b_SE_20250516_081524.jpg,116.53870080555555,-34.29874881,16-May-2025,,https://raw.githubusercontent.com/wesswesswesswess/FHMP_Interactive_Map/master/photos/2025/
JSE3b_SW_20250516_125945,C:\FHMP\Interactive_map\photos\2025,https://raw.githubusercontent.com/wesswesswesswess/FHMP_Interactive_Map/master/photos/2025/JSE3b_SW_20250516_125945.jpg,116.53738,-34.298762,16-May-2025,,https://raw.githubusercontent.com/wesswesswesswess/FHMP_Interactive_Map/master/photos/2025/
JSE3c_NE_20250514_152453,C:\FHMP\Interactive_map\photos\2025,https://raw.githubusercontent.com/wesswesswesswess/FHMP_Interactive_Map/master/photos/2025/JSE3c_NE_20250514_152453.jpg,116.53930069444445,-34.2845463,14-May-2025,,https://raw.githubusercontent.com/wesswesswesswess/FHMP_Interactive_Map/master/photos/2025/
JSE3c_NW_20250514_134531,C:\FHMP\Interactive_map\photos\2025,https://raw.githubusercontent.com/wesswesswesswess/FHMP_Interactive_Map/master/photos/2025/JSE3c_NW_20250514_134531.jpg,116.53824969444445,-34.2846315,14-May-2025,,https://raw.githubusercontent.com/wesswesswesswess/FHMP_Interactive_Map/master/photos/2025/
JSE3c_SE_20250515_095628,C:\FHMP\Interactive_map\photos\2025,https://raw.githubusercontent.com/wesswesswesswess/FHMP_Interactive_Map/master/photos/2025/JSE3c_SE_20250515_095628.jpg,116.5392645,-34.2855599,15-May-2025,,https://raw.githubusercontent.com/wesswesswesswess/FHMP_Interactive_Map/master/photos/2025/
JSE3c_SW_20250514_170359,C:\FHMP\Interactive_map\photos\2025,https://raw.githubusercontent.com/wesswesswesswess/FHMP_Interactive_Map/master/photos/2025/JSE3c_SW_20250514_170359.jpg,116.53821669444444,-34.2854854,14-May-2025,,https://raw.githubusercontent.com/wesswesswesswess/FHMP_Interactive_Map/master/photos/2025/
JSE6a_NE_20250512_135242,C:\FHMP\Interactive_map\photos\2025,https://raw.githubusercontent.com/wesswesswesswess/FHMP_Interactive_Map/master/photos/2025/JSE6a_NE_20250512_135242.jpg,116.32775680555555,-34.07570561,12-May-2025,,https://raw.githubusercontent.com/wesswesswesswess/FHMP_Interactive_Map/master/photos/2025/
JSE6a_NE_20250512_151545,C:\FHMP\Interactive_map\photos\2025,https://raw.githubusercontent.com/wesswesswesswess/FHMP_Interactive_Map/master/photos/2025/JSE6a_NE_20250512_151545.jpg,116.32864588888889,-34.07598811,12-May-2025,,https://raw.githubusercontent.com/wesswesswesswess/FHMP_Interactive_Map/master/photos/2025/
JSE6a_NW_20250512_114705,C:\FHMP\Interactive_map\photos\2025,https://raw.githubusercontent.com/wesswesswesswess/FHMP_Interactive_Map/master/photos/2025/JSE6a_NW_20250512_114705.jpg,116.32670980555555,-34.07560769,12-May-2025,,https://raw.githubusercontent.com/wesswesswesswess/FHMP_Interactive_Map/master/photos/2025/
JSE6a_SW_20250512_163037,C:\FHMP\Interactive_map\photos\2025,https://raw.githubusercontent.com/wesswesswesswess/FHMP_Interactive_Map/master/photos/2025/JSE6a_SW_20250512_163037.jpg,116.32667388888889,-34.07653031,12-May-2025,,https://raw.githubusercontent.com/wesswesswesswess/FHMP_Interactive_Map/master/photos/2025/
JSE6b_NE_20250514_082018,C:\FHMP\Interactive_map\photos\2025,https://raw.githubusercontent.com/wesswesswesswess/FHMP_Interactive_Map/master/photos/2025/JSE6b_NE_20250514_082018.jpg,116.36862249999999,-34.08875789,14-May-2025,,https://raw.githubusercontent.com/wesswesswesswess/FHMP_Interactive_Map/master/photos/2025/
JSE6b_NW_20250513_164217,C:\FHMP\Interactive_map\photos\2025,https://raw.githubusercontent.com/wesswesswesswess/FHMP_Interactive_Map/master/photos/2025/JSE6b_NW_20250513_164217.jpg,116.3675775,-34.0887115,13-May-2025,,https://raw.githubusercontent.com/wesswesswesswess/FHMP_Interactive_Map/master/photos/2025/
JSE6b_SE_20250514_094404,C:\FHMP\Interactive_map\photos\2025,https://raw.githubusercontent.com/wesswesswesswess/FHMP_Interactive_Map/master/photos/2025/JSE6b_SE_20250514_094404.jpg,116.3686168,-34.0896775,14-May-2025,,https://raw.githubusercontent.com/wesswesswesswess/FHMP_Interactive_Map/master/photos/2025/
JSE6b_SW_20250514_111458,C:\FHMP\Interactive_map\photos\2025,https://raw.githubusercontent.com/wesswesswesswess/FHMP_Interactive_Map/master/photos/2025/JSE6b_SW_20250514_111458.jpg,116.36755389999999,-34.08968131,14-May-2025,,https://raw.githubusercontent.com/wesswesswesswess/FHMP_Interactive_Map/master/photos/2025/
JSE6c_NE_20250513_130429,C:\FHMP\Interactive_map\photos\2025,https://raw.githubusercontent.com/wesswesswesswess/FHMP_Interactive_Map/master/photos/2025/JSE6c_NE_20250513_130429.jpg,116.35889588888888,-34.083996,13-May-2025,,https://raw.githubusercontent.com/wesswesswesswess/FHMP_Interactive_Map/master/photos/2025/
JSE6c_NW_20250513_144222,C:\FHMP\Interactive_map\photos\2025,https://raw.githubusercontent.com/wesswesswesswess/FHMP_Interactive_Map/master/photos/2025/JSE6c_NW_20250513_144222.jpg,116.35793169444445,-34.0838922,13-May-2025,,https://raw.githubusercontent.com/wesswesswesswess/FHMP_Interactive_Map/master/photos/2025/
JSE6c_SE_20250513_091450,C:\FHMP\Interactive_map\photos\2025,https://raw.githubusercontent.com/wesswesswesswess/FHMP_Interactive_Map/master/photos/2025/JSE6c_SE_20250513_091450.jpg,116.35892299999999,-34.0848062,13-May-2025,,https://raw.githubusercontent.com/wesswesswesswess/FHMP_Interactive_Map/master/photos/2025/
JSE6c_SW_20250513_104449,C:\FHMP\Interactive_map\photos\2025,https://raw.githubusercontent.com/wesswesswesswess/FHMP_Interactive_Map/master/photos/2025/JSE6c_SW_20250513_104449.jpg,116.35787769444444,-34.0848441,13-May-2025,,https://raw.githubusercontent.com/wesswesswesswess/FHMP_Interactive_Map/master/photos/2025/
JSE7a_NE_20251006_142408,C:\FHMP\Interactive_map\photos\2025,https://raw.githubusercontent.com/wesswesswesswess/FHMP_Interactive_Map/master/photos/2025/JSE7a_NE_20251006_142408.jpg,116.00655288888889,-34.0859908,6-Oct-2025,,https://raw.githubusercontent.com/wesswesswesswess/FHMP_Interactive_Map/master/photos/2025/
JSE7a_NW_20251006_120426,C:\FHMP\Interactive_map\photos\2025,https://raw.githubusercontent.com/wesswesswesswess/FHMP_Interactive_Map/master/photos/2025/JSE7a_NW_20251006_120426.jpg,116.00541019444445,-34.0859632,6-Oct-2025,,https://raw.githubusercontent.com/wesswesswesswess/FHMP_Interactive_Map/master/photos/2025/
JSE7a_SW_20251009_083612,C:\FHMP\Interactive_map\photos\2025,https://raw.githubusercontent.com/wesswesswesswess/FHMP_Interactive_Map/master/photos/2025/JSE7a_SW_20251009_083612.jpg,116.00552669444444,-34.0868915,9-Oct-2025,,https://raw.githubusercontent.com/wesswesswesswess/FHMP_Interactive_Map/master/photos/2025/
JSE7b_NE_20251008_101903,C:\FHMP\Interactive_map\photos\2025,https://raw.githubusercontent.com/wesswesswesswess/FHMP_Interactive_Map/master/photos/2025/JSE7b_NE_20251008_101903.jpg,116.0306546111111,-34.09208081,8-Oct-2025,,https://raw.githubusercontent.com/wesswesswesswess/FHMP_Interactive_Map/master/photos/2025/
JSE7b_NW_20251008_082711,C:\FHMP\Interactive_map\photos\2025,https://raw.githubusercontent.com/wesswesswesswess/FHMP_Interactive_Map/master/photos/2025/JSE7b_NW_20251008_082711.jpg,116.0297535,-34.0920655,8-Oct-2025,,https://raw.githubusercontent.com/wesswesswesswess/FHMP_Interactive_Map/master/photos/2025/
JSE7b_SE_20251008_140434,C:\FHMP\Interactive_map\photos\2025,https://raw.githubusercontent.com/wesswesswesswess/FHMP_Interactive_Map/master/photos/2025/JSE7b_SE_20251008_140434.jpg,116.03081380555555,-34.09294681,8-Oct-2025,,https://raw.githubusercontent.com/wesswesswesswess/FHMP_Interactive_Map/master/photos/2025/
JSE7b_SW_20251008_115928,C:\FHMP\Interactive_map\photos\2025,https://raw.githubusercontent.com/wesswesswesswess/FHMP_Interactive_Map/master/photos/2025/JSE7b_SW_20251008_115928.jpg,116.02969399999999,-34.0929675,8-Oct-2025,,https://raw.githubusercontent.com/wesswesswesswess/FHMP_Interactive_Map/master/photos/2025/
JSE7c_NE_20251007_113326,C:\FHMP\Interactive_map\photos\2025,https://raw.githubusercontent.com/wesswesswesswess/FHMP_Interactive_Map/master/photos/2025/JSE7c_NE_20251007_113326.jpg,116.0282668888889,-34.09066119,7-Oct-2025,,https://raw.githubusercontent.com/wesswesswesswess/FHMP_Interactive_Map/master/photos/2025/
JSE7c_NW_20251007_153559,C:\FHMP\Interactive_map\photos\2025,https://raw.githubusercontent.com/wesswesswesswess/FHMP_Interactive_Map/master/photos/2025/JSE7c_NW_20251007_153559.jpg,116.02728038888888,-34.09055681,7-Oct-2025,,https://raw.githubusercontent.com/wesswesswesswess/FHMP_Interactive_Map/master/photos/2025/
JSE7c_SE_20251007_091502,C:\FHMP\Interactive_map\photos\2025,https://raw.githubusercontent.com/wesswesswesswess/FHMP_Interactive_Map/master/photos/2025/JSE7c_SE_20251007_091502.jpg,116.02831080555555,-34.091505,7-Oct-2025,,https://raw.githubusercontent.com/wesswesswesswess/FHMP_Interactive_Map/master/photos/2025/
KAR2a_NE_20251022_143646,C:\FHMP\Interactive_map\photos\2025,https://raw.githubusercontent.com/wesswesswesswess/FHMP_Interactive_Map/master/photos/2025/KAR2a_NE_20251022_143646.jpg,115.0720426111111,-34.14115289,22-Oct-2025,,https://raw.githubusercontent.com/wesswesswesswess/FHMP_Interactive_Map/master/photos/2025/
KAR2a_NE_20251023_120547,C:\FHMP\Interactive_map\photos\2025,https://raw.githubusercontent.com/wesswesswesswess/FHMP_Interactive_Map/master/photos/2025/KAR2a_NE_20251023_120547.jpg,115.07334819444443,-34.14115489,23-Oct-2025,,https://raw.githubusercontent.com/wesswesswesswess/FHMP_Interactive_Map/master/photos/2025/
KAR2a_NW_20251022_111001,C:\FHMP\Interactive_map\photos\2025,https://raw.githubusercontent.com/wesswesswesswess/FHMP_Interactive_Map/master/photos/2025/KAR2a_NW_20251022_111001.jpg,115.07129719444444,-34.14079219,22-Oct-2025,,https://raw.githubusercontent.com/wesswesswesswess/FHMP_Interactive_Map/master/photos/2025/
KAR2a_SE_20251023_084109,C:\FHMP\Interactive_map\photos\2025,https://raw.githubusercontent.com/wesswesswesswess/FHMP_Interactive_Map/master/photos/2025/KAR2a_SE_20251023_084109.jpg,115.0725831111111,-34.14169281,23-Oct-2025,,https://raw.githubusercontent.com/wesswesswesswess/FHMP_Interactive_Map/master/photos/2025/
KAR2a_SW_20251022_161014,C:\FHMP\Interactive_map\photos\2025,https://raw.githubusercontent.com/wesswesswesswess/FHMP_Interactive_Map/master/photos/2025/KAR2a_SW_20251022_161014.jpg,115.0716256111111,-34.14187769,22-Oct-2025,,https://raw.githubusercontent.com/wesswesswesswess/FHMP_Interactive_Map/master/photos/2025/
KAR2b_NE_20251015_145456,C:\FHMP\Interactive_map\photos\2025,https://raw.githubusercontent.com/wesswesswesswess/FHMP_Interactive_Map/master/photos/2025/KAR2b_NE_20251015_145456.jpg,115.06947138888889,-34.13282381,15-Oct-2025,,https://raw.githubusercontent.com/wesswesswesswess/FHMP_Interactive_Map/master/photos/2025/
KAR2b_NW_20251014_111828,C:\FHMP\Interactive_map\photos\2025,https://raw.githubusercontent.com/wesswesswesswess/FHMP_Interactive_Map/master/photos/2025/KAR2b_NW_20251014_111828.jpg,115.0681542,-34.13287436,14-Oct-2025,,https://raw.githubusercontent.com/wesswesswesswess/FHMP_Interactive_Map/master/photos/2025/
KAR2b_SE_20251015_102534,C:\FHMP\Interactive_map\photos\2025,https://raw.githubusercontent.com/wesswesswesswess/FHMP_Interactive_Map/master/photos/2025/KAR2b_SE_20251015_102534.jpg,115.0692052,-34.1337188,15-Oct-2025,,https://raw.githubusercontent.com/wesswesswesswess/FHMP_Interactive_Map/master/photos/2025/
KAR2b_SW_20251014_165327,C:\FHMP\Interactive_map\photos\2025,https://raw.githubusercontent.com/wesswesswesswess/FHMP_Interactive_Map/master/photos/2025/KAR2b_SW_20251014_165327.jpg,115.0682094,-34.13373406,14-Oct-2025,,https://raw.githubusercontent.com/wesswesswesswess/FHMP_Interactive_Map/master/photos/2025/
TGL1a_NE_20251104_110125,C:\FHMP\Interactive_map\photos\2025,https://raw.githubusercontent.com/wesswesswesswess/FHMP_Interactive_Map/master/photos/2025/TGL1a_NE_20251104_110125.jpg,116.620736,-34.81461761,4-Nov-2025,,https://raw.githubusercontent.com/wesswesswesswess/FHMP_Interactive_Map/master/photos/2025/
TGL1a_NW_20251104_124533,C:\FHMP\Interactive_map\photos\2025,https://raw.githubusercontent.com/wesswesswesswess/FHMP_Interactive_Map/master/photos/2025/TGL1a_NW_20251104_124533.jpg,116.61968399999999,-34.81457881,4-Nov-2025,,https://raw.githubusercontent.com/wesswesswesswess/FHMP_Interactive_Map/master/photos/2025/
TGL1a_SE_20251104_091424,C:\FHMP\Interactive_map\photos\2025,https://raw.githubusercontent.com/wesswesswesswess/FHMP_Interactive_Map/master/photos/2025/TGL1a_SE_20251104_091424.jpg,116.6207756111111,-34.81542789,4-Nov-2025,,https://raw.githubusercontent.com/wesswesswesswess/FHMP_Interactive_Map/master/photos/2025/
TGL1a_SW_20251104_153900,C:\FHMP\Interactive_map\photos\2025,https://raw.githubusercontent.com/wesswesswesswess/FHMP_Interactive_Map/master/photos/2025/TGL1a_SW_20251104_153900.jpg,116.61961519444444,-34.81548761,4-Nov-2025,,https://raw.githubusercontent.com/wesswesswesswess/FHMP_Interactive_Map/master/photos/2025/
TGL1b_NE_20251109_172711,C:\FHMP\Interactive_map\photos\2025,https://raw.githubusercontent.com/wesswesswesswess/FHMP_Interactive_Map/master/photos/2025/TGL1b_NE_20251109_172711.jpg,116.64694688888889,-34.81550231,9-Nov-2025,,https://raw.githubusercontent.com/wesswesswesswess/FHMP_Interactive_Map/master/photos/2025/
TGL1b_NW_20251110_104954,C:\FHMP\Interactive_map\photos\2025,https://raw.githubusercontent.com/wesswesswesswess/FHMP_Interactive_Map/master/photos/2025/TGL1b_NW_20251110_104954.jpg,116.64586430555556,-34.8152245,10-Nov-2025,,https://raw.githubusercontent.com/wesswesswesswess/FHMP_Interactive_Map/master/photos/2025/
TGL1b_SE_20251109_094734,C:\FHMP\Interactive_map\photos\2025,https://raw.githubusercontent.com/wesswesswesswess/FHMP_Interactive_Map/master/photos/2025/TGL1b_SE_20251109_094734.jpg,116.64700919444445,-34.81632419,9-Nov-2025,,https://raw.githubusercontent.com/wesswesswesswess/FHMP_Interactive_Map/master/photos/2025/
TGL1b_SW_20251109_131429,C:\FHMP\Interactive_map\photos\2025,https://raw.githubusercontent.com/wesswesswesswess/FHMP_Interactive_Map/master/photos/2025/TGL1b_SW_20251109_131429.jpg,116.64582361111111,-34.81627981,9-Nov-2025,,https://raw.githubusercontent.com/wesswesswesswess/FHMP_Interactive_Map/master/photos/2025/
TGL2a_NE_20250501_082353,C:\FHMP\Interactive_map\photos\2025,https://raw.githubusercontent.com/wesswesswesswess/FHMP_Interactive_Map/master/photos/2025/TGL2a_NE_20250501_082353.jpg,116.86862579999999,-34.80954931,1-May-2025,,https://raw.githubusercontent.com/wesswesswesswess/FHMP_Interactive_Map/master/photos/2025/
TGL2a_NW_20250430_160009,C:\FHMP\Interactive_map\photos\2025,https://raw.githubusercontent.com/wesswesswesswess/FHMP_Interactive_Map/master/photos/2025/TGL2a_NW_20250430_160009.jpg,116.86757859999999,-34.80957411,30-Apr-2025,,https://raw.githubusercontent.com/wesswesswesswess/FHMP_Interactive_Map/master/photos/2025/
TGL2a_SE_20250430_142458,C:\FHMP\Interactive_map\photos\2025,https://raw.githubusercontent.com/wesswesswesswess/FHMP_Interactive_Map/master/photos/2025/TGL2a_SE_20250430_142458.jpg,116.86857069999999,-34.81047819,30-Apr-2025,,https://raw.githubusercontent.com/wesswesswesswess/FHMP_Interactive_Map/master/photos/2025/
TGL2a_SW_20250430_120316,C:\FHMP\Interactive_map\photos\2025,https://raw.githubusercontent.com/wesswesswesswess/FHMP_Interactive_Map/master/photos/2025/TGL2a_SW_20250430_120316.jpg,116.86750029999999,-34.8103755,30-Apr-2025,,https://raw.githubusercontent.com/wesswesswesswess/FHMP_Interactive_Map/master/photos/2025/
TGL2b_NE_20250501_114307,C:\FHMP\Interactive_map\photos\2025,https://raw.githubusercontent.com/wesswesswesswess/FHMP_Interactive_Map/master/photos/2025/TGL2b_NE_20250501_114307.jpg,116.88916666666667,-34.81333333,1-May-2025,,https://raw.githubusercontent.com/wesswesswesswess/FHMP_Interactive_Map/master/photos/2025/
TGL2b_NW_20250501_145623,C:\FHMP\Interactive_map\photos\2025,https://raw.githubusercontent.com/wesswesswesswess/FHMP_Interactive_Map/master/photos/2025/TGL2b_NW_20250501_145623.jpg,116.88805555555557,-34.81333333,1-May-2025,,https://raw.githubusercontent.com/wesswesswesswess/FHMP_Interactive_Map/master/photos/2025/
TGL2b_SE_0250501_103418,C:\FHMP\Interactive_map\photos\2025,https://raw.githubusercontent.com/wesswesswesswess/FHMP_Interactive_Map/master/photos/2025/TGL2b_SE_0250501_103418.jpg,116.88916666666667,-34.81444444,#VALUE!,,https://raw.githubusercontent.com/wesswesswesswess/FHMP_Interactive_Map/master/photos/2025/
TGL2b_SW_20250501_141202,C:\FHMP\Interactive_map\photos\2025,https://raw.githubusercontent.com/wesswesswesswess/FHMP_Interactive_Map/master/photos/2025/TGL2b_SW_20250501_141202.jpg,116.88805555555557,-34.81444444,1-May-2025,,https://raw.githubusercontent.com/wesswesswesswess/FHMP_Interactive_Map/master/photos/2025/
TGL3a_NE_20250429_112720,C:\FHMP\Interactive_map\photos\2025,https://raw.githubusercontent.com/wesswesswesswess/FHMP_Interactive_Map/master/photos/2025/TGL3a_NE_20250429_112720.jpg,116.80406630555555,-34.97198669,29-Apr-2025,,https://raw.githubusercontent.com/wesswesswesswess/FHMP_Interactive_Map/master/photos/2025/
TGL3a_NW_20250430_094857,C:\FHMP\Interactive_map\photos\2025,https://raw.githubusercontent.com/wesswesswesswess/FHMP_Interactive_Map/master/photos/2025/TGL3a_NW_20250430_094857.jpg,116.80303269444444,-34.97181761,30-Apr-2025,,https://raw.githubusercontent.com/wesswesswesswess/FHMP_Interactive_Map/master/photos/2025/
TGL3a_SE_20250429_171734,C:\FHMP\Interactive_map\photos\2025,https://raw.githubusercontent.com/wesswesswesswess/FHMP_Interactive_Map/master/photos/2025/TGL3a_SE_20250429_171734.jpg,116.80385538888889,-34.97294681,29-Apr-2025,,https://raw.githubusercontent.com/wesswesswesswess/FHMP_Interactive_Map/master/photos/2025/
TGL3a_SW_20250429_142311,C:\FHMP\Interactive_map\photos\2025,https://raw.githubusercontent.com/wesswesswesswess/FHMP_Interactive_Map/master/photos/2025/TGL3a_SW_20250429_142311.jpg,116.80285630555555,-34.97287469,29-Apr-2025,,https://raw.githubusercontent.com/wesswesswesswess/FHMP_Interactive_Map/master/photos/2025/
TGL3b_NE_20250428_165110,C:\FHMP\Interactive_map\photos\2025,https://raw.githubusercontent.com/wesswesswesswess/FHMP_Interactive_Map/master/photos/2025/TGL3b_NE_20250428_165110.jpg,116.81956588888889,-34.97895139,28-Apr-2025,,https://raw.githubusercontent.com/wesswesswesswess/FHMP_Interactive_Map/master/photos/2025/
TGL3b_NW_20250428_124617,C:\FHMP\Interactive_map\photos\2025,https://raw.githubusercontent.com/wesswesswesswess/FHMP_Interactive_Map/master/photos/2025/TGL3b_NW_20250428_124617.jpg,116.818507,-34.97895289,28-Apr-2025,,https://raw.githubusercontent.com/wesswesswesswess/FHMP_Interactive_Map/master/photos/2025/
TGL3b_SE_20250429_092042,C:\FHMP\Interactive_map\photos\2025,https://raw.githubusercontent.com/wesswesswesswess/FHMP_Interactive_Map/master/photos/2025/TGL3b_SE_20250429_092042.jpg,116.81959499999999,-34.97979,29-Apr-2025,,https://raw.githubusercontent.com/wesswesswesswess/FHMP_Interactive_Map/master/photos/2025/
TGL3b_SW_20250428_095634,C:\FHMP\Interactive_map\photos\2025,https://raw.githubusercontent.com/wesswesswesswess/FHMP_Interactive_Map/master/photos/2025/TGL3b_SW_20250428_095634.jpg,116.8185506,-34.97990789,28-Apr-2025,,https://raw.githubusercontent.com/wesswesswesswess/FHMP_Interactive_Map/master/photos/2025/
WND1a_NE_20250403_154724,C:\FHMP\Interactive_map\photos\2025,https://raw.githubusercontent.com/wesswesswesswess/FHMP_Interactive_Map/master/photos/2025/WND1a_NE_20250403_154724.jpg,116.309119,-31.3925625,3-Apr-2025,,https://raw.githubusercontent.com/wesswesswesswess/FHMP_Interactive_Map/master/photos/2025/
WND1a_NW_20250403_142745,C:\FHMP\Interactive_map\photos\2025,https://raw.githubusercontent.com/wesswesswesswess/FHMP_Interactive_Map/master/photos/2025/WND1a_NW_20250403_142745.jpg,116.308154,-31.39249289,3-Apr-2025,,https://raw.githubusercontent.com/wesswesswesswess/FHMP_Interactive_Map/master/photos/2025/
WND1a_SE_20250605_083105,C:\FHMP\Interactive_map\photos\2025,https://raw.githubusercontent.com/wesswesswesswess/FHMP_Interactive_Map/master/photos/2025/WND1a_SE_20250605_083105.jpg,116.30922019444444,-31.39342319,5-Jun-2025,,https://raw.githubusercontent.com/wesswesswesswess/FHMP_Interactive_Map/master/photos/2025/
WND1a_SW_20250403_170711,C:\FHMP\Interactive_map\photos\2025,https://raw.githubusercontent.com/wesswesswesswess/FHMP_Interactive_Map/master/photos/2025/WND1a_SW_20250403_170711.jpg,116.30813549999999,-31.393468,3-Apr-2025,,https://raw.githubusercontent.com/wesswesswesswess/FHMP_Interactive_Map/master/photos/2025/
WND1b_NE_20250605_095718,C:\FHMP\Interactive_map\photos\2025,https://raw.githubusercontent.com/wesswesswesswess/FHMP_Interactive_Map/master/photos/2025/WND1b_NE_20250605_095718.jpg,116.30361169444444,-31.38879169,5-Jun-2025,,https://raw.githubusercontent.com/wesswesswesswess/FHMP_Interactive_Map/master/photos/2025/
WND1b_NW_20250605_130916,C:\FHMP\Interactive_map\photos\2025,https://raw.githubusercontent.com/wesswesswesswess/FHMP_Interactive_Map/master/photos/2025/WND1b_NW_20250605_130916.jpg,116.3024642,-31.38875439,5-Jun-2025,,https://raw.githubusercontent.com/wesswesswesswess/FHMP_Interactive_Map/master/photos/2025/
WND1b_SE_20250605_105556,C:\FHMP\Interactive_map\photos\2025,https://raw.githubusercontent.com/wesswesswesswess/FHMP_Interactive_Map/master/photos/2025/WND1b_SE_20250605_105556.jpg,116.30361830555556,-31.38976231,5-Jun-2025,,https://raw.githubusercontent.com/wesswesswesswess/FHMP_Interactive_Map/master/photos/2025/
WND1b_SW_20250605_120715,C:\FHMP\Interactive_map\photos\2025,https://raw.githubusercontent.com/wesswesswesswess/FHMP_Interactive_Map/master/photos/2025/WND1b_SW_20250605_120715.jpg,116.302532,-31.38967819,5-Jun-2025,,https://raw.githubusercontent.com/wesswesswesswess/FHMP_Interactive_Map/master/photos/2025/
WND2a_NE_20251001_085723,C:\FHMP\Interactive_map\photos\2025,https://raw.githubusercontent.com/wesswesswesswess/FHMP_Interactive_Map/master/photos/2025/WND2a_NE_20251001_085723.jpg,116.58581269999999,-32.18044911,1-Oct-2025,,https://raw.githubusercontent.com/wesswesswesswess/FHMP_Interactive_Map/master/photos/2025/
WND2a_NW_20251001_104618,C:\FHMP\Interactive_map\photos\2025,https://raw.githubusercontent.com/wesswesswesswess/FHMP_Interactive_Map/master/photos/2025/WND2a_NW_20251001_104618.jpg,116.5847909,-32.18044689,1-Oct-2025,,https://raw.githubusercontent.com/wesswesswesswess/FHMP_Interactive_Map/master/photos/2025/
WND2a_SE_20251001_123955,C:\FHMP\Interactive_map\photos\2025,https://raw.githubusercontent.com/wesswesswesswess/FHMP_Interactive_Map/master/photos/2025/WND2a_SE_20251001_123955.jpg,116.5857644,-32.18130469,1-Oct-2025,,https://raw.githubusercontent.com/wesswesswesswess/FHMP_Interactive_Map/master/photos/2025/
WND2a_SW_20251001_142600,C:\FHMP\Interactive_map\photos\2025,https://raw.githubusercontent.com/wesswesswesswess/FHMP_Interactive_Map/master/photos/2025/WND2a_SW_20251001_142600.jpg,116.584825,-32.1813605,1-Oct-2025,,https://raw.githubusercontent.com/wesswesswesswess/FHMP_Interactive_Map/master/photos/2025/
WND2b_NE_20250930_122429,C:\FHMP\Interactive_map\photos\2025,https://raw.githubusercontent.com/wesswesswesswess/FHMP_Interactive_Map/master/photos/2025/WND2b_NE_20250930_122429.jpg,116.5882,-32.1841307,30-Sep-2025,,https://raw.githubusercontent.com/wesswesswesswess/FHMP_Interactive_Map/master/photos/2025/
WND2b_NW_20250930_093514,C:\FHMP\Interactive_map\photos\2025,https://raw.githubusercontent.com/wesswesswesswess/FHMP_Interactive_Map/master/photos/2025/WND2b_NW_20250930_093514.jpg,116.58717411111111,-32.1841189,30-Sep-2025,,https://raw.githubusercontent.com/wesswesswesswess/FHMP_Interactive_Map/master/photos/2025/
WND2b_SE_20250930_150224,C:\FHMP\Interactive_map\photos\2025,https://raw.githubusercontent.com/wesswesswesswess/FHMP_Interactive_Map/master/photos/2025/WND2b_SE_20250930_150224.jpg,116.5882361111111,-32.1850424,30-Sep-2025,,https://raw.githubusercontent.com/wesswesswesswess/FHMP_Interactive_Map/master/photos/2025/
WND2b_SW_20250930_165201,C:\FHMP\Interactive_map\photos\2025,https://raw.githubusercontent.com/wesswesswesswess/FHMP_Interactive_Map/master/photos/2025/WND2b_SW_20250930_165201.jpg,116.587143,-32.1850695,30-Sep-2025,,https://raw.githubusercontent.com/wesswesswesswess/FHMP_Interactive_Map/master/photos/2025/
WND3a_NE_20250415_093524,C:\FHMP\Interactive_map\photos\2025,https://raw.githubusercontent.com/wesswesswesswess/FHMP_Interactive_Map/master/photos/2025/WND3a_NE_20250415_093524.jpg,116.57668530555556,-33.2184793,15-Apr-2025,,https://raw.githubusercontent.com/wesswesswesswess/FHMP_Interactive_Map/master/photos/2025/
WND3a_NW_20250414_161953,C:\FHMP\Interactive_map\photos\2025,https://raw.githubusercontent.com/wesswesswesswess/FHMP_Interactive_Map/master/photos/2025/WND3a_NW_20250414_161953.jpg,116.57555555555555,-33.21833333,14-Apr-2025,,https://raw.githubusercontent.com/wesswesswesswess/FHMP_Interactive_Map/master/photos/2025/
WND3a_SE_20250415_081021,C:\FHMP\Interactive_map\photos\2025,https://raw.githubusercontent.com/wesswesswesswess/FHMP_Interactive_Map/master/photos/2025/WND3a_SE_20250415_081021.jpg,116.57654219444444,-33.2194269,15-Apr-2025,,https://raw.githubusercontent.com/wesswesswesswess/FHMP_Interactive_Map/master/photos/2025/
WND3a_SW_20250414_151918,C:\FHMP\Interactive_map\photos\2025,https://raw.githubusercontent.com/wesswesswesswess/FHMP_Interactive_Map/master/photos/2025/WND3a_SW_20250414_151918.jpg,116.57527777777777,-33.21916667,14-Apr-2025,,https://raw.githubusercontent.com/wesswesswesswess/FHMP_Interactive_Map/master/photos/2025/
WND3b_NE_20250414_092515,C:\FHMP\Interactive_map\photos\2025,https://raw.githubusercontent.com/wesswesswesswess/FHMP_Interactive_Map/master/photos/2025/WND3b_NE_20250414_092515.jpg,116.57638888888889,-33.2125,14-Apr-2025,,https://raw.githubusercontent.com/wesswesswesswess/FHMP_Interactive_Map/master/photos/2025/
WND3b_NW_20250414_113357,C:\FHMP\Interactive_map\photos\2025,https://raw.githubusercontent.com/wesswesswesswess/FHMP_Interactive_Map/master/photos/2025/WND3b_NW_20250414_113357.jpg,116.57527777777777,-33.2125,14-Apr-2025,,https://raw.githubusercontent.com/wesswesswesswess/FHMP_Interactive_Map/master/photos/2025/
WND3b_SE_20250414_101219,C:\FHMP\Interactive_map\photos\2025,https://raw.githubusercontent.com/wesswesswesswess/FHMP_Interactive_Map/master/photos/2025/WND3b_SE_20250414_101219.jpg,116.57638888888889,-33.21361111,14-Apr-2025,,https://raw.githubusercontent.com/wesswesswesswess/FHMP_Interactive_Map/master/photos/2025/
WND3b_SW_20250414_131239,C:\FHMP\Interactive_map\photos\2025,https://raw.githubusercontent.com/wesswesswesswess/FHMP_Interactive_Map/master/photos/2025/WND3b_SW_20250414_131239.jpg,116.57527777777777,-33.21361111,14-Apr-2025,,https://raw.githubusercontent.com/wesswesswesswess/FHMP_Interactive_Map/master/photos/2025/
