Action,Source,Target
RENAME,C:\FHMP\Photo_locations\phone_flora\temp\IMG_2817 _ Lomandra.jpg,C:\FHMP\Photo_locations\phone_flora\temp\JNW1a_SE_20250901_162614.jpg
RENAME,C:\FHMP\Photo_locations\phone_flora\temp\IMG_2818 - Lomandra.jpg,C:\FHMP\Photo_locations\phone_flora\temp\JNW1a_SE_20250901_162627.jpg
RENAME,C:\FHMP\Photo_locations\phone_flora\temp\IMG_2819 - Lomandra.jpg,C:\FHMP\Photo_locations\phone_flora\temp\JNW1a_SE_20250901_162648.jpg
RENAME,C:\FHMP\Photo_locations\phone_flora\temp\IMG_2820.jpg,C:\FHMP\Photo_locations\phone_flora\temp\JNW1a_SE_20250901_162702.jpg
RENAME,C:\FHMP\Photo_locations\phone_flora\temp\IMG_2821.jpg,C:\FHMP\Photo_locations\phone_flora\temp\JNW1a_SE_20250901_162705.jpg
RENAME,C:\FHMP\Photo_locations\phone_flora\temp\IMG_2940.jpg,C:\FHMP\Photo_locations\phone_flora\temp\JNW4c_NE_20250922_144717.jpg
RENAME,C:\FHMP\Photo_locations\phone_flora\temp\IMG_2941.jpg,C:\FHMP\Photo_locations\phone_flora\temp\JNW4c_NE_20250922_144720.jpg
RENAME,C:\FHMP\Photo_locations\phone_flora\temp\IMG_2947.jpg,C:\FHMP\Photo_locations\phone_flora\temp\JNW4b_NW_20250923_094930.jpg
RENAME,C:\FHMP\Photo_locations\phone_flora\temp\IMG_2948 - prob Banksia littoralis.jpg,C:\FHMP\Photo_locations\phone_flora\temp\JNW4b_NE_20250923_133743.jpg
RENAME,C:\FHMP\Photo_locations\phone_flora\temp\IMG_2949 prob Banksia littoralis.jpg,C:\FHMP\Photo_locations\phone_flora\temp\JNW4b_NE_20250923_133747.jpg
RENAME,C:\FHMP\Photo_locations\phone_flora\temp\IMG_2950.jpg,C:\FHMP\Photo_locations\phone_flora\temp\JNW4b_NE_20250923_133756.jpg
RENAME,C:\FHMP\Photo_locations\phone_flora\temp\IMG_2951.jpg,C:\FHMP\Photo_locations\phone_flora\temp\JNW4b_NE_20250923_133802.jpg
RENAME,C:\FHMP\Photo_locations\phone_flora\temp\IMG_2952.jpg,C:\FHMP\Photo_locations\phone_flora\temp\JNW4b_NE_20250923_133807.jpg
RENAME,C:\FHMP\Photo_locations\phone_flora\temp\IMG_2953 prob Banksia littoralis.jpg,C:\FHMP\Photo_locations\phone_flora\temp\JNW4b_NE_20250923_134104.jpg
RENAME,C:\FHMP\Photo_locations\phone_flora\temp\IMG_2954 prob Banksia littoralis.jpg,C:\FHMP\Photo_locations\phone_flora\temp\JNW4b_NE_20250923_134126.jpg
RENAME,C:\FHMP\Photo_locations\phone_flora\temp\IMG_2955 prob Banksia littoralis.jpg,C:\FHMP\Photo_locations\phone_flora\temp\JNW4b_NE_20250923_134145.jpg
RENAME,C:\FHMP\Photo_locations\phone_flora\temp\IMG_2956 - Adenanthos obovatus.jpg,C:\FHMP\Photo_locations\phone_flora\temp\JNW4b_SE_20250923_150528.jpg
RENAME,C:\FHMP\Photo_locations\phone_flora\temp\IMG_2965.jpg,C:\FHMP\Photo_locations\phone_flora\temp\JNW4a_NW_20250924_130927.jpg
RENAME,C:\FHMP\Photo_locations\phone_flora\temp\IMG_2966.jpg,C:\FHMP\Photo_locations\phone_flora\temp\JNW4a_NW_20250924_130948.jpg
RENAME,C:\FHMP\Photo_locations\phone_flora\temp\IMG_2981 - prob orchid.jpg,C:\FHMP\Photo_locations\phone_flora\temp\JNW3a_SE_20250925_111307.jpg
RENAME,C:\FHMP\Photo_locations\phone_flora\temp\IMG_2982 - prob orchid.jpg,C:\FHMP\Photo_locations\phone_flora\temp\JNW3a_SE_20250925_111343.jpg
RENAME,C:\FHMP\Photo_locations\phone_flora\temp\IMG_2983 - Hibbertia amplexicaulis.jpg,C:\FHMP\Photo_locations\phone_flora\temp\JNW3a_SE_20250925_115159.jpg
RENAME,C:\FHMP\Photo_locations\phone_flora\temp\IMG_2984 - Hibbertia amplexicaulis.jpg,C:\FHMP\Photo_locations\phone_flora\temp\JNW3a_SE_20250925_115208.jpg
RENAME,C:\FHMP\Photo_locations\phone_flora\temp\IMG_2985 - Hibbertia amplexicaulis.jpg,C:\FHMP\Photo_locations\phone_flora\temp\JNW3a_SE_20250925_115213.jpg
RENAME,C:\FHMP\Photo_locations\phone_flora\temp\IMG_2986 - Hibbertia amplexicaulis.jpg,C:\FHMP\Photo_locations\phone_flora\temp\JNW3a_SE_20250925_115220.jpg
RENAME,C:\FHMP\Photo_locations\phone_flora\temp\IMG_2987 - prob Hibbertia amplexicaulis.jpg,C:\FHMP\Photo_locations\phone_flora\temp\JNW3a_SE_20250925_115245.jpg
RENAME,C:\FHMP\Photo_locations\phone_flora\temp\IMG_2988.jpg,C:\FHMP\Photo_locations\phone_flora\temp\JNW3a_SE_20250925_123120.jpg
RENAME,C:\FHMP\Photo_locations\phone_flora\temp\IMG_2989.jpg,C:\FHMP\Photo_locations\phone_flora\temp\JNW3a_SE_20250925_123500.jpg
RENAME,C:\FHMP\Photo_locations\phone_flora\temp\IMG_2990.jpg,C:\FHMP\Photo_locations\phone_flora\temp\JNW3a_SE_20250925_123505.jpg
RENAME,C:\FHMP\Photo_locations\phone_flora\temp\IMG_2992 - Tetratheca.jpg,C:\FHMP\Photo_locations\phone_flora\temp\JNW3b_NW_20250926_131032.jpg
RENAME,C:\FHMP\Photo_locations\phone_flora\temp\IMG_2993 - Tetratheca.jpg,C:\FHMP\Photo_locations\phone_flora\temp\JNW3b_NW_20250926_131042.jpg
RENAME,C:\FHMP\Photo_locations\phone_flora\temp\IMG_3004 - Borya.jpg,C:\FHMP\Photo_locations\phone_flora\temp\WND2b_SW_20250930_170629.jpg
RENAME,C:\FHMP\Photo_locations\phone_flora\temp\IMG_3005 - Borya.jpg,C:\FHMP\Photo_locations\phone_flora\temp\WND2b_SW_20250930_170701.jpg
RENAME,C:\FHMP\Photo_locations\phone_flora\temp\IMG_3006 - Borya.jpg,C:\FHMP\Photo_locations\phone_flora\temp\WND2b_SW_20250930_170725.jpg
RENAME,C:\FHMP\Photo_locations\phone_flora\temp\IMG_3007 - Borya.jpg,C:\FHMP\Photo_locations\phone_flora\temp\WND2b_SW_20250930_170728.jpg
RENAME,C:\FHMP\Photo_locations\phone_flora\temp\IMG_3008 - Borya.jpg,C:\FHMP\Photo_locations\phone_flora\temp\WND2b_SW_20250930_170731.jpg
RENAME,C:\FHMP\Photo_locations\phone_flora\temp\IMG_3011.jpg,C:\FHMP\Photo_locations\phone_flora\temp\WND2a_NE_20251001_085758.jpg
RENAME,C:\FHMP\Photo_locations\phone_flora\temp\IMG_3012.jpg,C:\FHMP\Photo_locations\phone_flora\temp\WND2a_NE_20251001_093703.jpg
RENAME,C:\FHMP\Photo_locations\phone_flora\temp\IMG_3013.jpg,C:\FHMP\Photo_locations\phone_flora\temp\WND2a_NE_20251001_093708.jpg
RENAME,C:\FHMP\Photo_locations\phone_flora\temp\IMG_3014.jpg,C:\FHMP\Photo_locations\phone_flora\temp\WND2a_NE_20251001_093720.jpg
RENAME,C:\FHMP\Photo_locations\phone_flora\temp\IMG_3015.jpg,C:\FHMP\Photo_locations\phone_flora\temp\WND2a_NE_20251001_101626.jpg
RENAME,C:\FHMP\Photo_locations\phone_flora\temp\IMG_3016.jpg,C:\FHMP\Photo_locations\phone_flora\temp\WND2a_NE_20251001_101629.jpg
RENAME,C:\FHMP\Photo_locations\phone_flora\temp\IMG_3017.jpg,C:\FHMP\Photo_locations\phone_flora\temp\WND2a_NE_20251001_101723.jpg
RENAME,C:\FHMP\Photo_locations\phone_flora\temp\IMG_3018.jpg,C:\FHMP\Photo_locations\phone_flora\temp\WND2a_SE_20251001_103548.jpg
RENAME,C:\FHMP\Photo_locations\phone_flora\temp\IMG_3019.jpg,C:\FHMP\Photo_locations\phone_flora\temp\WND2a_SE_20251001_103551.jpg
RENAME,C:\FHMP\Photo_locations\phone_flora\temp\IMG_3020 - probs Dampiera linearis.jpg,C:\FHMP\Photo_locations\phone_flora\temp\WND2a_SW_20251001_134528.jpg
RENAME,C:\FHMP\Photo_locations\phone_flora\temp\IMG_3021 - probs Dampiera linearis.jpg,C:\FHMP\Photo_locations\phone_flora\temp\WND2a_SW_20251001_134534.jpg
RENAME,C:\FHMP\Photo_locations\phone_flora\temp\IMG_3022.jpg,C:\FHMP\Photo_locations\phone_flora\temp\WND2a_SE_20251001_134833.jpg
RENAME,C:\FHMP\Photo_locations\phone_flora\temp\IMG_3023.jpg,C:\FHMP\Photo_locations\phone_flora\temp\WND2a_SE_20251001_134841.jpg
RENAME,C:\FHMP\Photo_locations\phone_flora\temp\IMG_3024.jpg,C:\FHMP\Photo_locations\phone_flora\temp\WND2a_SE_20251001_134845.jpg
RENAME,C:\FHMP\Photo_locations\phone_flora\temp\IMG_3025.jpg,C:\FHMP\Photo_locations\phone_flora\temp\WND2a_SE_20251001_134848.jpg
RENAME,C:\FHMP\Photo_locations\phone_flora\temp\IMG_3026.jpg,C:\FHMP\Photo_locations\phone_flora\temp\WND2a_SW_20251001_143306.jpg
RENAME,C:\FHMP\Photo_locations\phone_flora\temp\IMG_3027.jpg,C:\FHMP\Photo_locations\phone_flora\temp\WND2a_SW_20251001_143314.jpg
RENAME,C:\FHMP\Photo_locations\phone_flora\temp\IMG_3028.jpg,C:\FHMP\Photo_locations\phone_flora\temp\WND2a_SW_20251001_143545.jpg
RENAME,C:\FHMP\Photo_locations\phone_flora\temp\IMG_3029.jpg,C:\FHMP\Photo_locations\phone_flora\temp\WND2a_SW_20251001_143549.jpg
RENAME,C:\FHMP\Photo_locations\phone_flora\temp\IMG_3030.jpg,C:\FHMP\Photo_locations\phone_flora\temp\WND2a_SW_20251001_143552.jpg
RENAME,C:\FHMP\Photo_locations\phone_flora\temp\IMG_3031.jpg,C:\FHMP\Photo_locations\phone_flora\temp\WND2a_SW_20251001_144641.jpg
RENAME,C:\FHMP\Photo_locations\phone_flora\temp\IMG_3032.jpg,C:\FHMP\Photo_locations\phone_flora\temp\WND2a_SW_20251001_144649.jpg
RENAME,C:\FHMP\Photo_locations\phone_flora\temp\IMG_3033.jpg,C:\FHMP\Photo_locations\phone_flora\temp\WND2a_SW_20251001_144652.jpg
RENAME,C:\FHMP\Photo_locations\phone_flora\temp\IMG_3034.jpg,C:\FHMP\Photo_locations\phone_flora\temp\WND2a_SW_20251001_151111.jpg
RENAME,C:\FHMP\Photo_locations\phone_flora\temp\IMG_3035.jpg,C:\FHMP\Photo_locations\phone_flora\temp\WND2a_SW_20251001_151115.jpg
RENAME,C:\FHMP\Photo_locations\phone_flora\temp\IMG_3036.jpg,C:\FHMP\Photo_locations\phone_flora\temp\WND2a_SW_20251001_151118.jpg
RENAME,C:\FHMP\Photo_locations\phone_flora\temp\IMG_3037.jpg,C:\FHMP\Photo_locations\phone_flora\temp\WND2a_SW_20251001_151134.jpg
RENAME,C:\FHMP\Photo_locations\phone_flora\temp\IMG_3038.jpg,C:\FHMP\Photo_locations\phone_flora\temp\WND2a_SW_20251001_152058.jpg
RENAME,C:\FHMP\Photo_locations\phone_flora\temp\IMG_3039.jpg,C:\FHMP\Photo_locations\phone_flora\temp\WND2a_SW_20251001_152102.jpg
RENAME,C:\FHMP\Photo_locations\phone_flora\temp\IMG_3040.jpg,C:\FHMP\Photo_locations\phone_flora\temp\WND2a_SE_20251001_160250.jpg
RENAME,C:\FHMP\Photo_locations\phone_flora\temp\IMG_3058.jpg,C:\FHMP\Photo_locations\phone_flora\temp\JSE7a_NE_20251006_151446.jpg
RENAME,C:\FHMP\Photo_locations\phone_flora\temp\IMG_3059.jpg,C:\FHMP\Photo_locations\phone_flora\temp\JSE7a_NE_20251006_151451.jpg
RENAME,C:\FHMP\Photo_locations\phone_flora\temp\IMG_3060.jpg,C:\FHMP\Photo_locations\phone_flora\temp\JSE7a_NE_20251006_151454.jpg
RENAME,C:\FHMP\Photo_locations\phone_flora\temp\IMG_3064.jpg,C:\FHMP\Photo_locations\phone_flora\temp\JNW3c_NW_20251009_163920.jpg
RENAME,C:\FHMP\Photo_locations\phone_flora\temp\IMG_3065.jpg,C:\FHMP\Photo_locations\phone_flora\temp\JNW3c_NW_20251009_170854.jpg
RENAME,C:\FHMP\Photo_locations\phone_flora\temp\IMG_3066.jpg,C:\FHMP\Photo_locations\phone_flora\temp\JNW3c_NE_20251009_175913.jpg
RENAME,C:\FHMP\Photo_locations\phone_flora\temp\IMG_3067.jpg,C:\FHMP\Photo_locations\phone_flora\temp\JNW3c_NE_20251009_175930.jpg
RENAME,C:\FHMP\Photo_locations\phone_flora\temp\IMG_3075.jpg,C:\FHMP\Photo_locations\phone_flora\temp\JNW3c_SE_20251010_125330.jpg
RENAME,C:\FHMP\Photo_locations\phone_flora\temp\IMG_3076.jpg,C:\FHMP\Photo_locations\phone_flora\temp\JNW3c_SE_20251010_125338.jpg
RENAME,C:\FHMP\Photo_locations\phone_flora\temp\IMG_3078.jpg,C:\FHMP\Photo_locations\phone_flora\temp\JNW3c_SE_20251010_125716.jpg
RENAME,C:\FHMP\Photo_locations\phone_flora\temp\IMG_3079.jpg,C:\FHMP\Photo_locations\phone_flora\temp\JNW3c_SE_20251010_125720.jpg
RENAME,C:\FHMP\Photo_locations\phone_flora\temp\IMG_3093.jpg,C:\FHMP\Photo_locations\phone_flora\temp\JBW4b_NE_20251013_123334.jpg
RENAME,C:\FHMP\Photo_locations\phone_flora\temp\IMG_3094.jpg,C:\FHMP\Photo_locations\phone_flora\temp\JBW4b_NE_20251013_123337.jpg
RENAME,C:\FHMP\Photo_locations\phone_flora\temp\IMG_E3094.jpg,C:\FHMP\Photo_locations\phone_flora\temp\JBW4b_NE_20251013_123337.jpg
RENAME,C:\FHMP\Photo_locations\phone_flora\temp\IMG_3095.jpg,C:\FHMP\Photo_locations\phone_flora\temp\JBW4b_NW_20251013_154328.jpg
RENAME,C:\FHMP\Photo_locations\phone_flora\temp\IMG_3096.jpg,C:\FHMP\Photo_locations\phone_flora\temp\KAR2b_NW_20251014_094653.jpg
RENAME,C:\FHMP\Photo_locations\phone_flora\temp\IMG_3097.jpg,C:\FHMP\Photo_locations\phone_flora\temp\KAR2b_NW_20251014_112811.jpg
RENAME,C:\FHMP\Photo_locations\phone_flora\temp\IMG_3099.jpg,C:\FHMP\Photo_locations\phone_flora\temp\KAR2b_SW_20251014_140326.jpg
RENAME,C:\FHMP\Photo_locations\phone_flora\temp\IMG_3100.jpg,C:\FHMP\Photo_locations\phone_flora\temp\KAR2b_SW_20251014_140336.jpg
RENAME,C:\FHMP\Photo_locations\phone_flora\temp\IMG_3101.jpg,C:\FHMP\Photo_locations\phone_flora\temp\KAR2b_SW_20251014_165216.jpg
RENAME,C:\FHMP\Photo_locations\phone_flora\temp\IMG_3110.jpg,C:\FHMP\Photo_locations\phone_flora\temp\KAR2b_NE_20251015_153904.jpg
RENAME,C:\FHMP\Photo_locations\phone_flora\temp\IMG_E3110.jpg,C:\FHMP\Photo_locations\phone_flora\temp\KAR2b_NE_20251015_153904.jpg
RENAME,C:\FHMP\Photo_locations\phone_flora\temp\IMG_3111.jpg,C:\FHMP\Photo_locations\phone_flora\temp\KAR2b_NE_20251015_153908.jpg
RENAME,C:\FHMP\Photo_locations\phone_flora\temp\IMG_3112.jpg,C:\FHMP\Photo_locations\phone_flora\temp\KAR2b_NE_20251015_153918.jpg
RENAME,C:\FHMP\Photo_locations\phone_flora\temp\IMG_3113.jpg,C:\FHMP\Photo_locations\phone_flora\temp\KAR2b_NE_20251015_163254.jpg
RENAME,C:\FHMP\Photo_locations\phone_flora\temp\IMG_3114.jpg,C:\FHMP\Photo_locations\phone_flora\temp\KAR2b_SE_20251015_163301.jpg
RENAME,C:\FHMP\Photo_locations\phone_flora\temp\IMG_3115.jpg,C:\FHMP\Photo_locations\phone_flora\temp\KAR2b_NE_20251015_163313.jpg
RENAME,C:\FHMP\Photo_locations\phone_flora\temp\IMG_3116.jpg,C:\FHMP\Photo_locations\phone_flora\temp\KAR2b_NE_20251015_163335.jpg
RENAME,C:\FHMP\Photo_locations\phone_flora\temp\IMG_3117.jpg,C:\FHMP\Photo_locations\phone_flora\temp\KAR2b_NE_20251015_163338.jpg
RENAME,C:\FHMP\Photo_locations\phone_flora\temp\IMG_3118.jpg,C:\FHMP\Photo_locations\phone_flora\temp\KAR2b_NE_20251015_163352.jpg
RENAME,C:\FHMP\Photo_locations\phone_flora\temp\IMG_3119.jpg,C:\FHMP\Photo_locations\phone_flora\temp\KAR2b_NE_20251015_163406.jpg
RENAME,C:\FHMP\Photo_locations\phone_flora\temp\IMG_3127.jpg,C:\FHMP\Photo_locations\phone_flora\temp\JBW4a_NE_20251016_144340.jpg
RENAME,C:\FHMP\Photo_locations\phone_flora\temp\IMG_3128.jpg,C:\FHMP\Photo_locations\phone_flora\temp\JBW4a_NE_20251016_144350.jpg
RENAME,C:\FHMP\Photo_locations\phone_flora\temp\IMG_3129.jpg,C:\FHMP\Photo_locations\phone_flora\temp\JBW4a_NE_20251016_144402.jpg
RENAME,C:\FHMP\Photo_locations\phone_flora\temp\IMG_3132.jpg,C:\FHMP\Photo_locations\phone_flora\temp\JBW4c_SE_20251017_110400.jpg
RENAME,C:\FHMP\Photo_locations\phone_flora\temp\IMG_E3132.jpg,C:\FHMP\Photo_locations\phone_flora\temp\JBW4c_SE_20251017_110400.jpg
RENAME,C:\FHMP\Photo_locations\phone_flora\temp\IMG_3133.jpg,C:\FHMP\Photo_locations\phone_flora\temp\JBW4c_SE_20251017_110407.jpg
RENAME,C:\FHMP\Photo_locations\phone_flora\temp\IMG_E3133.jpg,C:\FHMP\Photo_locations\phone_flora\temp\JBW4c_SE_20251017_110407.jpg
RENAME,C:\FHMP\Photo_locations\phone_flora\temp\IMG_3134.jpg,C:\FHMP\Photo_locations\phone_flora\temp\JBW4c_SE_20251017_110426.jpg
RENAME,C:\FHMP\Photo_locations\phone_flora\temp\IMG_E3134.jpg,C:\FHMP\Photo_locations\phone_flora\temp\JBW4c_SE_20251017_110426.jpg
RENAME,C:\FHMP\Photo_locations\phone_flora\temp\IMG_3135.jpg,C:\FHMP\Photo_locations\phone_flora\temp\JBW4c_SE_20251017_110454.jpg
RENAME,C:\FHMP\Photo_locations\phone_flora\temp\IMG_3136.jpg,C:\FHMP\Photo_locations\phone_flora\temp\JBW4c_SE_20251017_110457.jpg
RENAME,C:\FHMP\Photo_locations\phone_flora\temp\IMG_3137.jpg,C:\FHMP\Photo_locations\phone_flora\temp\JBW4c_NE_20251017_113930.jpg
RENAME,C:\FHMP\Photo_locations\phone_flora\temp\IMG_3138.jpg,C:\FHMP\Photo_locations\phone_flora\temp\JBW4c_NE_20251017_113932.jpg
RENAME,C:\FHMP\Photo_locations\phone_flora\temp\IMG_3139.jpg,C:\FHMP\Photo_locations\phone_flora\temp\JBW4c_NE_20251017_113942.jpg
RENAME,C:\FHMP\Photo_locations\phone_flora\temp\IMG_3140.jpg,C:\FHMP\Photo_locations\phone_flora\temp\JBW4c_NE_20251017_123149.jpg
RENAME,C:\FHMP\Photo_locations\phone_flora\temp\IMG_3141.jpg,C:\FHMP\Photo_locations\phone_flora\temp\JBW4c_NE_20251017_123153.jpg
RENAME,C:\FHMP\Photo_locations\phone_flora\temp\IMG_3142.jpg,C:\FHMP\Photo_locations\phone_flora\temp\JBW4c_NE_20251017_123158.jpg
RENAME,C:\FHMP\Photo_locations\phone_flora\temp\IMG_3186.jpg,C:\FHMP\Photo_locations\phone_flora\temp\KAR2a_SE_20251022_180058.jpg
RENAME,C:\FHMP\Photo_locations\phone_flora\temp\IMG_3187.jpg,C:\FHMP\Photo_locations\phone_flora\temp\KAR2a_NE_20251022_180816.jpg
RENAME,C:\FHMP\Photo_locations\phone_flora\temp\IMG_3188.jpg,C:\FHMP\Photo_locations\phone_flora\temp\KAR2a_NE_20251022_180823.jpg
RENAME,C:\FHMP\Photo_locations\phone_flora\temp\IMG_3189.jpg,C:\FHMP\Photo_locations\phone_flora\temp\KAR2a_NE_20251022_180831.jpg
RENAME,C:\FHMP\Photo_locations\phone_flora\temp\IMG_3202.jpg,C:\FHMP\Photo_locations\phone_flora\temp\KAR2a_SE_20251023_080516.jpg
RENAME,C:\FHMP\Photo_locations\phone_flora\temp\IMG_3203.jpg,C:\FHMP\Photo_locations\phone_flora\temp\KAR2a_SE_20251023_080523.jpg
RENAME,C:\FHMP\Photo_locations\phone_flora\temp\IMG_3204.jpg,C:\FHMP\Photo_locations\phone_flora\temp\KAR2a_SE_20251023_080526.jpg
RENAME,C:\FHMP\Photo_locations\phone_flora\temp\IMG_3205.jpg,C:\FHMP\Photo_locations\phone_flora\temp\KAR2a_SE_20251023_080533.jpg
RENAME,C:\FHMP\Photo_locations\phone_flora\temp\IMG_3206.jpg,C:\FHMP\Photo_locations\phone_flora\temp\KAR2a_SE_20251023_082000.jpg
RENAME,C:\FHMP\Photo_locations\phone_flora\temp\IMG_3207.jpg,C:\FHMP\Photo_locations\phone_flora\temp\KAR2a_SE_20251023_082005.jpg
RENAME,C:\FHMP\Photo_locations\phone_flora\temp\IMG_3208.jpg,C:\FHMP\Photo_locations\phone_flora\temp\KAR2a_SE_20251023_082010.jpg
RENAME,C:\FHMP\Photo_locations\phone_flora\temp\IMG_3209.jpg,C:\FHMP\Photo_locations\phone_flora\temp\KAR2a_SE_20251023_082016.jpg
RENAME,C:\FHMP\Photo_locations\phone_flora\temp\IMG_3210.jpg,C:\FHMP\Photo_locations\phone_flora\temp\KAR2a_SE_20251023_082021.jpg
RENAME,C:\FHMP\Photo_locations\phone_flora\temp\IMG_3211.jpg,C:\FHMP\Photo_locations\phone_flora\temp\KAR2a_SE_20251023_094039.jpg
RENAME,C:\FHMP\Photo_locations\phone_flora\temp\IMG_3212.jpg,C:\FHMP\Photo_locations\phone_flora\temp\KAR2a_SE_20251023_094043.jpg
RENAME,C:\FHMP\Photo_locations\phone_flora\temp\IMG_3213.jpg,C:\FHMP\Photo_locations\phone_flora\temp\KAR2a_SE_20251023_094047.jpg
RENAME,C:\FHMP\Photo_locations\phone_flora\temp\IMG_3214.jpg,C:\FHMP\Photo_locations\phone_flora\temp\KAR2a_SE_20251023_094058.jpg
RENAME,C:\FHMP\Photo_locations\phone_flora\temp\IMG_3215.jpg,C:\FHMP\Photo_locations\phone_flora\temp\KAR2a_SW_20251023_104451.jpg
RENAME,C:\FHMP\Photo_locations\phone_flora\temp\IMG_3216.jpg,C:\FHMP\Photo_locations\phone_flora\temp\KAR2a_SW_20251023_104455.jpg
RENAME,C:\FHMP\Photo_locations\phone_flora\temp\IMG_3217.jpg,C:\FHMP\Photo_locations\phone_flora\temp\KAR2a_SW_20251023_104546.jpg
RENAME,C:\FHMP\Photo_locations\phone_flora\temp\IMG_3218.jpg,C:\FHMP\Photo_locations\phone_flora\temp\KAR2a_SW_20251023_104605.jpg
RENAME,C:\FHMP\Photo_locations\phone_flora\temp\IMG_3219.jpg,C:\FHMP\Photo_locations\phone_flora\temp\KAR2a_SW_20251023_104610.jpg
RENAME,C:\FHMP\Photo_locations\phone_flora\temp\IMG_3220.jpg,C:\FHMP\Photo_locations\phone_flora\temp\KAR2a_SW_20251023_104613.jpg
RENAME,C:\FHMP\Photo_locations\phone_flora\temp\IMG_3221.jpg,C:\FHMP\Photo_locations\phone_flora\temp\KAR2a_SW_20251023_104623.jpg
RENAME,C:\FHMP\Photo_locations\phone_flora\temp\IMG_3222.jpg,C:\FHMP\Photo_locations\phone_flora\temp\KAR2a_SW_20251023_104654.jpg
RENAME,C:\FHMP\Photo_locations\phone_flora\temp\IMG_3223.jpg,C:\FHMP\Photo_locations\phone_flora\temp\KAR2a_NE_20251023_120712.jpg
RENAME,C:\FHMP\Photo_locations\phone_flora\temp\IMG_3224.jpg,C:\FHMP\Photo_locations\phone_flora\temp\KAR2a_NE_20251023_120719.jpg
RENAME,C:\FHMP\Photo_locations\phone_flora\temp\IMG_3225.jpg,C:\FHMP\Photo_locations\phone_flora\temp\KAR2a_NE_20251023_120733.jpg
RENAME,C:\FHMP\Photo_locations\phone_flora\temp\IMG_3226.jpg,C:\FHMP\Photo_locations\phone_flora\temp\KAR2a_NE_20251023_120743.jpg
RENAME,C:\FHMP\Photo_locations\phone_flora\temp\IMG_3227.jpg,C:\FHMP\Photo_locations\phone_flora\temp\KAR2a_NW_20251023_141635.jpg
RENAME,C:\FHMP\Photo_locations\phone_flora\temp\IMG_3228.jpg,C:\FHMP\Photo_locations\phone_flora\temp\KAR2a_NW_20251023_141639.jpg
RENAME,C:\FHMP\Photo_locations\phone_flora\temp\IMG_3229.jpg,C:\FHMP\Photo_locations\phone_flora\temp\KAR2a_NW_20251023_141655.jpg
RENAME,C:\FHMP\Photo_locations\phone_flora\temp\IMG_3230.jpg,C:\FHMP\Photo_locations\phone_flora\temp\KAR2a_NW_20251023_141706.jpg
RENAME,C:\FHMP\Photo_locations\phone_flora\temp\IMG_3231.jpg,C:\FHMP\Photo_locations\phone_flora\temp\KAR2a_NW_20251023_141708.jpg
RENAME,C:\FHMP\Photo_locations\phone_flora\temp\IMG_3232.jpg,C:\FHMP\Photo_locations\phone_flora\temp\KAR2a_NW_20251023_142341.jpg
RENAME,C:\FHMP\Photo_locations\phone_flora\temp\IMG_3318.jpg,C:\FHMP\Photo_locations\phone_flora\temp\JSE2b_NW_20251103_154852.jpg
RENAME,C:\FHMP\Photo_locations\phone_flora\temp\IMG_3319.jpg,C:\FHMP\Photo_locations\phone_flora\temp\JSE2b_NW_20251103_154856.jpg
RENAME,C:\FHMP\Photo_locations\phone_flora\temp\IMG_3320.jpg,C:\FHMP\Photo_locations\phone_flora\temp\JSE2b_NW_20251103_160608.jpg
RENAME,C:\FHMP\Photo_locations\phone_flora\temp\IMG_3321.jpg,C:\FHMP\Photo_locations\phone_flora\temp\JSE2b_NW_20251103_160613.jpg
RENAME,C:\FHMP\Photo_locations\phone_flora\temp\IMG_3322.jpg,C:\FHMP\Photo_locations\phone_flora\temp\JSE2b_NW_20251103_160652.jpg
RENAME,C:\FHMP\Photo_locations\phone_flora\temp\IMG_3323.jpg,C:\FHMP\Photo_locations\phone_flora\temp\JSE2b_NW_20251103_160655.jpg
RENAME,C:\FHMP\Photo_locations\phone_flora\temp\IMG_3324.jpg,C:\FHMP\Photo_locations\phone_flora\temp\JSE2b_NW_20251103_171909.jpg
RENAME,C:\FHMP\Photo_locations\phone_flora\temp\IMG_3326.jpg,C:\FHMP\Photo_locations\phone_flora\temp\TGL1a_NW_20251104_130444.jpg
RENAME,C:\FHMP\Photo_locations\phone_flora\temp\IMG_3327.jpg,C:\FHMP\Photo_locations\phone_flora\temp\TGL1a_NW_20251104_130445.jpg
RENAME,C:\FHMP\Photo_locations\phone_flora\temp\IMG_3328.jpg,C:\FHMP\Photo_locations\phone_flora\temp\TGL1a_SW_20251104_161752.jpg
RENAME,C:\FHMP\Photo_locations\phone_flora\temp\IMG_3329.jpg,C:\FHMP\Photo_locations\phone_flora\temp\TGL1a_SW_20251104_161756.jpg
RENAME,C:\FHMP\Photo_locations\phone_flora\temp\IMG_3330.jpg,C:\FHMP\Photo_locations\phone_flora\temp\TGL1a_SW_20251104_161759.jpg
RENAME,C:\FHMP\Photo_locations\phone_flora\temp\IMG_3338.jpg,C:\FHMP\Photo_locations\phone_flora\temp\JSE2b_SW_20251106_135322.jpg
RENAME,C:\FHMP\Photo_locations\phone_flora\temp\IMG_3339.jpg,C:\FHMP\Photo_locations\phone_flora\temp\JSE2b_SW_20251106_135326.jpg
RENAME,C:\FHMP\Photo_locations\phone_flora\temp\IMG_3340.jpg,C:\FHMP\Photo_locations\phone_flora\temp\JSE2b_NE_20251106_143550.jpg
RENAME,C:\FHMP\Photo_locations\phone_flora\temp\IMG_3341.jpg,C:\FHMP\Photo_locations\phone_flora\temp\JSE2b_NE_20251106_143554.jpg
RENAME,C:\FHMP\Photo_locations\phone_flora\temp\IMG_3342.jpg,C:\FHMP\Photo_locations\phone_flora\temp\JSE2b_NE_20251106_143556.jpg
RENAME,C:\FHMP\Photo_locations\phone_flora\temp\IMG_3343.jpg,C:\FHMP\Photo_locations\phone_flora\temp\JSE2b_NE_20251106_143620.jpg
RENAME,C:\FHMP\Photo_locations\phone_flora\temp\IMG_3344.jpg,C:\FHMP\Photo_locations\phone_flora\temp\JSE2b_NE_20251106_143635.jpg
RENAME,C:\FHMP\Photo_locations\phone_flora\temp\IMG_3345.jpg,C:\FHMP\Photo_locations\phone_flora\temp\JSE2b_NE_20251106_143639.jpg
RENAME,C:\FHMP\Photo_locations\phone_flora\temp\IMG_3346.jpg,C:\FHMP\Photo_locations\phone_flora\temp\JSE2b_NE_20251106_143650.jpg
RENAME,C:\FHMP\Photo_locations\phone_flora\temp\IMG_3348.jpg,C:\FHMP\Photo_locations\phone_flora\temp\JSE2c_NW_20251107_090912.jpg
RENAME,C:\FHMP\Photo_locations\phone_flora\temp\IMG_3349.jpg,C:\FHMP\Photo_locations\phone_flora\temp\JSE2c_NW_20251107_090916.jpg
RENAME,C:\FHMP\Photo_locations\phone_flora\temp\IMG_3350.jpg,C:\FHMP\Photo_locations\phone_flora\temp\JSE2c_NW_20251107_090940.jpg
RENAME,C:\FHMP\Photo_locations\phone_flora\temp\IMG_3351.jpg,C:\FHMP\Photo_locations\phone_flora\temp\JSE2c_NW_20251107_101210.jpg
RENAME,C:\FHMP\Photo_locations\phone_flora\temp\IMG_3352.jpg,C:\FHMP\Photo_locations\phone_flora\temp\JSE2c_NW_20251107_101229.jpg
RENAME,C:\FHMP\Photo_locations\phone_flora\temp\IMG_3353.jpg,C:\FHMP\Photo_locations\phone_flora\temp\JSE2c_SE_20251107_140505.jpg
RENAME,C:\FHMP\Photo_locations\phone_flora\temp\IMG_3354.jpg,C:\FHMP\Photo_locations\phone_flora\temp\JSE2c_SE_20251107_142039.jpg
RENAME,C:\FHMP\Photo_locations\phone_flora\temp\IMG_3355.jpg,C:\FHMP\Photo_locations\phone_flora\temp\JSE2c_SE_20251107_142044.jpg
RENAME,C:\FHMP\Photo_locations\phone_flora\temp\IMG_3356.jpg,C:\FHMP\Photo_locations\phone_flora\temp\JSE2c_SE_20251107_142056.jpg
RENAME,C:\FHMP\Photo_locations\phone_flora\temp\IMG_3357.jpg,C:\FHMP\Photo_locations\phone_flora\temp\JSE2c_SE_20251107_145240.jpg
RENAME,C:\FHMP\Photo_locations\phone_flora\temp\IMG_3358.jpg,C:\FHMP\Photo_locations\phone_flora\temp\JSE2c_SE_20251107_145251.jpg
RENAME,C:\FHMP\Photo_locations\phone_flora\temp\IMG_3359.jpg,C:\FHMP\Photo_locations\phone_flora\temp\JSE2c_SE_20251107_151931.jpg
RENAME,C:\FHMP\Photo_locations\phone_flora\temp\IMG_3360.jpg,C:\FHMP\Photo_locations\phone_flora\temp\JSE2c_SE_20251107_151958.jpg
RENAME,C:\FHMP\Photo_locations\phone_flora\temp\IMG_3361.jpg,C:\FHMP\Photo_locations\phone_flora\temp\JSE2c_SE_20251107_152004.jpg
RENAME,C:\FHMP\Photo_locations\phone_flora\temp\IMG_3362.jpg,C:\FHMP\Photo_locations\phone_flora\temp\JSE2c_SE_20251107_152009.jpg
RENAME,C:\FHMP\Photo_locations\phone_flora\temp\IMG_3363.jpg,C:\FHMP\Photo_locations\phone_flora\temp\JSE2c_SE_20251107_152012.jpg
RENAME,C:\FHMP\Photo_locations\phone_flora\temp\IMG_3364.jpg,C:\FHMP\Photo_locations\phone_flora\temp\JSE2c_SE_20251107_152741.jpg
RENAME,C:\FHMP\Photo_locations\phone_flora\temp\IMG_3365.jpg,C:\FHMP\Photo_locations\phone_flora\temp\JSE2c_SE_20251107_152749.jpg
RENAME,C:\FHMP\Photo_locations\phone_flora\temp\IMG_3366.jpg,C:\FHMP\Photo_locations\phone_flora\temp\JSE2c_SE_20251107_164219.jpg
RENAME,C:\FHMP\Photo_locations\phone_flora\temp\IMG_3367.jpg,C:\FHMP\Photo_locations\phone_flora\temp\JSE2c_SE_20251107_164222.jpg
RENAME,C:\FHMP\Photo_locations\phone_flora\temp\IMG_3368.jpg,C:\FHMP\Photo_locations\phone_flora\temp\JSE2c_SW_20251107_164517.jpg
RENAME,C:\FHMP\Photo_locations\phone_flora\temp\IMG_3369.jpg,C:\FHMP\Photo_locations\phone_flora\temp\JSE2c_SW_20251107_164520.jpg
RENAME,C:\FHMP\Photo_locations\phone_flora\temp\IMG_3370.jpg,C:\FHMP\Photo_locations\phone_flora\temp\JSE2c_SW_20251107_164523.jpg
RENAME,C:\FHMP\Photo_locations\phone_flora\temp\IMG_3371.jpg,C:\FHMP\Photo_locations\phone_flora\temp\JSE2c_SW_20251107_164526.jpg
RENAME,C:\FHMP\Photo_locations\phone_flora\temp\IMG_3372.jpg,C:\FHMP\Photo_locations\phone_flora\temp\JSE2c_SW_20251107_164529.jpg
RENAME,C:\FHMP\Photo_locations\phone_flora\temp\IMG_3373.jpg,C:\FHMP\Photo_locations\phone_flora\temp\JSE2c_SW_20251107_164535.jpg
RENAME,C:\FHMP\Photo_locations\phone_flora\temp\IMG_3374.jpg,C:\FHMP\Photo_locations\phone_flora\temp\JSE2c_SW_20251107_164537.jpg
RENAME,C:\FHMP\Photo_locations\phone_flora\temp\IMG_3375.jpg,C:\FHMP\Photo_locations\phone_flora\temp\JSE2c_SW_20251107_173723.jpg
RENAME,C:\FHMP\Photo_locations\phone_flora\temp\IMG_3376.jpg,C:\FHMP\Photo_locations\phone_flora\temp\JSE2c_SW_20251107_173727.jpg
RENAME,C:\FHMP\Photo_locations\phone_flora\temp\IMG_3377.jpg,C:\FHMP\Photo_locations\phone_flora\temp\JSE2c_SW_20251107_173732.jpg
RENAME,C:\FHMP\Photo_locations\phone_flora\temp\IMG_3378.jpg,C:\FHMP\Photo_locations\phone_flora\temp\JSE2c_SW_20251107_173745.jpg
RENAME,C:\FHMP\Photo_locations\phone_flora\temp\IMG_3382.jpg,C:\FHMP\Photo_locations\phone_flora\temp\JSE2a_SE_20251108_084803.jpg
RENAME,C:\FHMP\Photo_locations\phone_flora\temp\IMG_3383.jpg,C:\FHMP\Photo_locations\phone_flora\temp\JSE2a_SE_20251108_084805.jpg
RENAME,C:\FHMP\Photo_locations\phone_flora\temp\IMG_3384.jpg,C:\FHMP\Photo_locations\phone_flora\temp\JSE2a_SE_20251108_084820.jpg
RENAME,C:\FHMP\Photo_locations\phone_flora\temp\IMG_3386.jpg,C:\FHMP\Photo_locations\phone_flora\temp\JSE2a_SE_20251108_085135.jpg
RENAME,C:\FHMP\Photo_locations\phone_flora\temp\IMG_3387.jpg,C:\FHMP\Photo_locations\phone_flora\temp\JSE2a_SE_20251108_085139.jpg
RENAME,C:\FHMP\Photo_locations\phone_flora\temp\IMG_3388.jpg,C:\FHMP\Photo_locations\phone_flora\temp\JSE2a_SE_20251108_091648.jpg
RENAME,C:\FHMP\Photo_locations\phone_flora\temp\IMG_3389.jpg,C:\FHMP\Photo_locations\phone_flora\temp\JSE2a_SE_20251108_091656.jpg
RENAME,C:\FHMP\Photo_locations\phone_flora\temp\IMG_3391.jpg,C:\FHMP\Photo_locations\phone_flora\temp\JSE2a_SE_20251108_092427.jpg
RENAME,C:\FHMP\Photo_locations\phone_flora\temp\IMG_3392.jpg,C:\FHMP\Photo_locations\phone_flora\temp\JSE2a_SE_20251108_092441.jpg
RENAME,C:\FHMP\Photo_locations\phone_flora\temp\IMG_3393.jpg,C:\FHMP\Photo_locations\phone_flora\temp\JSE2a_SE_20251108_092444.jpg
RENAME,C:\FHMP\Photo_locations\phone_flora\temp\IMG_3394.jpg,C:\FHMP\Photo_locations\phone_flora\temp\JSE2a_SE_20251108_101924.jpg
RENAME,C:\FHMP\Photo_locations\phone_flora\temp\IMG_3395.jpg,C:\FHMP\Photo_locations\phone_flora\temp\JSE2a_SE_20251108_101927.jpg
RENAME,C:\FHMP\Photo_locations\phone_flora\temp\IMG_3396.jpg,C:\FHMP\Photo_locations\phone_flora\temp\JSE2a_SE_20251108_101931.jpg
RENAME,C:\FHMP\Photo_locations\phone_flora\temp\IMG_3398.jpg,C:\FHMP\Photo_locations\phone_flora\temp\JSE2a_SE_20251108_102347.jpg
RENAME,C:\FHMP\Photo_locations\phone_flora\temp\IMG_3399.jpg,C:\FHMP\Photo_locations\phone_flora\temp\JSE2a_SE_20251108_102353.jpg
RENAME,C:\FHMP\Photo_locations\phone_flora\temp\IMG_3403.jpg,C:\FHMP\Photo_locations\phone_flora\temp\JSE2a_SE_20251108_103316.jpg
RENAME,C:\FHMP\Photo_locations\phone_flora\temp\IMG_3404.jpg,C:\FHMP\Photo_locations\phone_flora\temp\JSE2a_SE_20251108_103322.jpg
RENAME,C:\FHMP\Photo_locations\phone_flora\temp\IMG_3405.jpg,C:\FHMP\Photo_locations\phone_flora\temp\JSE2a_SE_20251108_103351.jpg
RENAME,C:\FHMP\Photo_locations\phone_flora\temp\IMG_3406.jpg,C:\FHMP\Photo_locations\phone_flora\temp\JSE2a_SE_20251108_103355.jpg
RENAME,C:\FHMP\Photo_locations\phone_flora\temp\IMG_3407.jpg,C:\FHMP\Photo_locations\phone_flora\temp\JSE2a_SE_20251108_103402.jpg
RENAME,C:\FHMP\Photo_locations\phone_flora\temp\IMG_3408.jpg,C:\FHMP\Photo_locations\phone_flora\temp\JSE2a_SE_20251108_104211.jpg
RENAME,C:\FHMP\Photo_locations\phone_flora\temp\IMG_3409.jpg,C:\FHMP\Photo_locations\phone_flora\temp\JSE2a_SE_20251108_104213.jpg
RENAME,C:\FHMP\Photo_locations\phone_flora\temp\IMG_3410.jpg,C:\FHMP\Photo_locations\phone_flora\temp\JSE2a_SE_20251108_104216.jpg
RENAME,C:\FHMP\Photo_locations\phone_flora\temp\IMG_3411.jpg,C:\FHMP\Photo_locations\phone_flora\temp\JSE2a_SE_20251108_115521.jpg
RENAME,C:\FHMP\Photo_locations\phone_flora\temp\IMG_3412.jpg,C:\FHMP\Photo_locations\phone_flora\temp\JSE2a_NW_20251108_121456.jpg
RENAME,C:\FHMP\Photo_locations\phone_flora\temp\IMG_3413.jpg,C:\FHMP\Photo_locations\phone_flora\temp\JSE2a_NW_20251108_132001.jpg
RENAME,C:\FHMP\Photo_locations\phone_flora\temp\IMG_3414.jpg,C:\FHMP\Photo_locations\phone_flora\temp\JSE2a_NW_20251108_132006.jpg
RENAME,C:\FHMP\Photo_locations\phone_flora\temp\IMG_3415.jpg,C:\FHMP\Photo_locations\phone_flora\temp\JSE2a_NW_20251108_132009.jpg
RENAME,C:\FHMP\Photo_locations\phone_flora\temp\IMG_3416.jpg,C:\FHMP\Photo_locations\phone_flora\temp\JSE2a_NE_20251108_173319.jpg
RENAME,C:\FHMP\Photo_locations\phone_flora\temp\IMG_3417.jpg,C:\FHMP\Photo_locations\phone_flora\temp\JSE2a_NE_20251108_173322.jpg
RENAME,C:\FHMP\Photo_locations\phone_flora\temp\IMG_3418.jpg,C:\FHMP\Photo_locations\phone_flora\temp\JSE2a_NE_20251108_173326.jpg
RENAME,C:\FHMP\Photo_locations\phone_flora\temp\IMG_3419.jpg,C:\FHMP\Photo_locations\phone_flora\temp\JSE2a_NE_20251108_174733.jpg
RENAME,C:\FHMP\Photo_locations\phone_flora\temp\IMG_3420.jpg,C:\FHMP\Photo_locations\phone_flora\temp\JSE2a_NE_20251108_174745.jpg
RENAME,C:\FHMP\Photo_locations\phone_flora\temp\IMG_3421.jpg,C:\FHMP\Photo_locations\phone_flora\temp\JSE2a_NE_20251108_174750.jpg
RENAME,C:\FHMP\Photo_locations\phone_flora\temp\IMG_3423.jpg,C:\FHMP\Photo_locations\phone_flora\temp\TGL1b_SE_20251109_080931.jpg
RENAME,C:\FHMP\Photo_locations\phone_flora\temp\IMG_3424.jpg,C:\FHMP\Photo_locations\phone_flora\temp\TGL1b_SE_20251109_080939.jpg
RENAME,C:\FHMP\Photo_locations\phone_flora\temp\IMG_3425.jpg,C:\FHMP\Photo_locations\phone_flora\temp\TGL1b_SE_20251109_080943.jpg
RENAME,C:\FHMP\Photo_locations\phone_flora\temp\IMG_3426.jpg,C:\FHMP\Photo_locations\phone_flora\temp\TGL1b_SE_20251109_082404.jpg
RENAME,C:\FHMP\Photo_locations\phone_flora\temp\IMG_3427.jpg,C:\FHMP\Photo_locations\phone_flora\temp\TGL1b_SE_20251109_082408.jpg
RENAME,C:\FHMP\Photo_locations\phone_flora\temp\IMG_3428.jpg,C:\FHMP\Photo_locations\phone_flora\temp\TGL1b_SE_20251109_090342.jpg
RENAME,C:\FHMP\Photo_locations\phone_flora\temp\IMG_3429.jpg,C:\FHMP\Photo_locations\phone_flora\temp\TGL1b_SE_20251109_090344.jpg
RENAME,C:\FHMP\Photo_locations\phone_flora\temp\IMG_3430.jpg,C:\FHMP\Photo_locations\phone_flora\temp\TGL1b_SE_20251109_093629.jpg
RENAME,C:\FHMP\Photo_locations\phone_flora\temp\IMG_3431.jpg,C:\FHMP\Photo_locations\phone_flora\temp\TGL1b_SE_20251109_093631.jpg
RENAME,C:\FHMP\Photo_locations\phone_flora\temp\IMG_3432.jpg,C:\FHMP\Photo_locations\phone_flora\temp\TGL1b_SE_20251109_093633.jpg
RENAME,C:\FHMP\Photo_locations\phone_flora\temp\IMG_3434.jpg,C:\FHMP\Photo_locations\phone_flora\temp\TGL1b_SE_20251109_113327.jpg
RENAME,C:\FHMP\Photo_locations\phone_flora\temp\IMG_3435.jpg,C:\FHMP\Photo_locations\phone_flora\temp\TGL1b_SW_20251109_115620.jpg
RENAME,C:\FHMP\Photo_locations\phone_flora\temp\IMG_3436.jpg,C:\FHMP\Photo_locations\phone_flora\temp\TGL1b_SW_20251109_115623.jpg
RENAME,C:\FHMP\Photo_locations\phone_flora\temp\IMG_3437.jpg,C:\FHMP\Photo_locations\phone_flora\temp\TGL1b_SW_20251109_120130.jpg
RENAME,C:\FHMP\Photo_locations\phone_flora\temp\IMG_3438.jpg,C:\FHMP\Photo_locations\phone_flora\temp\TGL1b_SW_20251109_120131.jpg
RENAME,C:\FHMP\Photo_locations\phone_flora\temp\IMG_3439.jpg,C:\FHMP\Photo_locations\phone_flora\temp\TGL1b_SW_20251109_120135.jpg
RENAME,C:\FHMP\Photo_locations\phone_flora\temp\IMG_3440.jpg,C:\FHMP\Photo_locations\phone_flora\temp\TGL1b_SW_20251109_121636.jpg
RENAME,C:\FHMP\Photo_locations\phone_flora\temp\IMG_3441.jpg,C:\FHMP\Photo_locations\phone_flora\temp\TGL1b_SW_20251109_130053.jpg
RENAME,C:\FHMP\Photo_locations\phone_flora\temp\IMG_3442.jpg,C:\FHMP\Photo_locations\phone_flora\temp\TGL1b_SW_20251109_152032.jpg
RENAME,C:\FHMP\Photo_locations\phone_flora\temp\IMG_3443.jpg,C:\FHMP\Photo_locations\phone_flora\temp\TGL1b_SW_20251109_152032.jpg
RENAME,C:\FHMP\Photo_locations\phone_flora\temp\IMG_3444.jpg,C:\FHMP\Photo_locations\phone_flora\temp\TGL1b_SW_20251109_152034.jpg
RENAME,C:\FHMP\Photo_locations\phone_flora\temp\IMG_3445.jpg,C:\FHMP\Photo_locations\phone_flora\temp\TGL1b_SW_20251109_152038.jpg
RENAME,C:\FHMP\Photo_locations\phone_flora\temp\IMG_3448.jpg,C:\FHMP\Photo_locations\phone_flora\temp\TGL1b_NW_20251110_105617.jpg
RENAME,C:\FHMP\Photo_locations\phone_flora\temp\IMG_3449.jpg,C:\FHMP\Photo_locations\phone_flora\temp\TGL1b_NW_20251110_105627.jpg
RENAME,C:\FHMP\Photo_locations\phone_flora\temp\IMG_3450.jpg,C:\FHMP\Photo_locations\phone_flora\temp\TGL1b_NW_20251110_105630.jpg
RENAME,C:\FHMP\Photo_locations\phone_flora\temp\IMG_3451.jpg,C:\FHMP\Photo_locations\phone_flora\temp\JSE2a_SW_20251110_153337.jpg
RENAME,C:\FHMP\Photo_locations\phone_flora\temp\IMG_3456.jpg,C:\FHMP\Photo_locations\phone_flora\temp\JSE1c_SE_20251111_144403.jpg
RENAME,C:\FHMP\Photo_locations\phone_flora\temp\IMG_3457.jpg,C:\FHMP\Photo_locations\phone_flora\temp\JSE1c_SE_20251111_144409.jpg
RENAME,C:\FHMP\Photo_locations\phone_flora\temp\IMG_3458.jpg,C:\FHMP\Photo_locations\phone_flora\temp\JSE1c_SE_20251111_144412.jpg
RENAME,C:\FHMP\Photo_locations\phone_flora\temp\IMG_3459.jpg,C:\FHMP\Photo_locations\phone_flora\temp\JSE1c_SE_20251111_144421.jpg
RENAME,C:\FHMP\Photo_locations\phone_flora\temp\IMG_3460.jpg,C:\FHMP\Photo_locations\phone_flora\temp\JSE1c_SE_20251111_144426.jpg
RENAME,C:\FHMP\Photo_locations\phone_flora\temp\IMG_3461.jpg,C:\FHMP\Photo_locations\phone_flora\temp\JSE1c_SE_20251111_144428.jpg
RENAME,C:\FHMP\Photo_locations\phone_flora\temp\IMG_3462.jpg,C:\FHMP\Photo_locations\phone_flora\temp\JSE1c_NW_20251111_144819.jpg
RENAME,C:\FHMP\Photo_locations\phone_flora\temp\IMG_3463.jpg,C:\FHMP\Photo_locations\phone_flora\temp\JSE1c_NW_20251111_144828.jpg
RENAME,C:\FHMP\Photo_locations\phone_flora\temp\IMG_3464.jpg,C:\FHMP\Photo_locations\phone_flora\temp\JSE1c_NW_20251111_163803.jpg
RENAME,C:\FHMP\Photo_locations\phone_flora\temp\IMG_3465.jpg,C:\FHMP\Photo_locations\phone_flora\temp\JSE1c_NW_20251111_163806.jpg
RENAME,C:\FHMP\Photo_locations\phone_flora\temp\IMG_3493.jpg,C:\FHMP\Photo_locations\phone_flora\temp\JSE1b_NE_20251113_105219.jpg
RENAME,C:\FHMP\Photo_locations\phone_flora\temp\IMG_3494.jpg,C:\FHMP\Photo_locations\phone_flora\temp\JSE1b_NE_20251113_105227.jpg
RENAME,C:\FHMP\Photo_locations\phone_flora\temp\IMG_3495.jpg,C:\FHMP\Photo_locations\phone_flora\temp\JSE1b_NW_20251113_145043.jpg
RENAME,C:\FHMP\Photo_locations\phone_flora\temp\IMG_3498.jpg,C:\FHMP\Photo_locations\phone_flora\temp\JSE1b_NW_20251113_145157.jpg
RENAME,C:\FHMP\Photo_locations\phone_flora\temp\IMG_3499.jpg,C:\FHMP\Photo_locations\phone_flora\temp\JSE1b_NW_20251113_145159.jpg
RENAME,C:\FHMP\Photo_locations\phone_flora\temp\IMG_3500.jpg,C:\FHMP\Photo_locations\phone_flora\temp\JSE1b_NW_20251113_145220.jpg
RENAME,C:\FHMP\Photo_locations\phone_flora\temp\IMG_3501.jpg,C:\FHMP\Photo_locations\phone_flora\temp\JSE1b_NW_20251113_145323.jpg
RENAME,C:\FHMP\Photo_locations\phone_flora\temp\IMG_3502.jpg,C:\FHMP\Photo_locations\phone_flora\temp\JSE1b_NW_20251113_145327.jpg
RENAME,C:\FHMP\Photo_locations\phone_flora\temp\IMG_3503.jpg,C:\FHMP\Photo_locations\phone_flora\temp\JSE1b_NW_20251113_145939.jpg
RENAME,C:\FHMP\Photo_locations\phone_flora\temp\IMG_3504.jpg,C:\FHMP\Photo_locations\phone_flora\temp\JSE1b_NW_20251113_145943.jpg
RENAME,C:\FHMP\Photo_locations\phone_flora\temp\IMG_3505.jpg,C:\FHMP\Photo_locations\phone_flora\temp\JSE1b_NW_20251113_145945.jpg
